record_id,station,stars,C,M,F,V,D,T,Q,A,L,review_id,source_url
BRA-001,Braddell,5,1,0,0,0,0,0,0,1,0,ChZDSUhNMG9nS0VJQ0FnSUNfNk5pNlJREAE,"https://www.google.com/maps/place/Braddell/@1.340679,103.847216,17z/data=!4m8!3m7!1s0x31da1769f946518f:0x96f791fbddcd11dc!8m2!3d1.3406792!4d103.8472157!9m1!1b1!16zL20vMDZ4eHcx"
BRA-002,Braddell,4,0,0,0,0,1,1,0,1,0,ChZDSUhNMG9nS0VJQ0FnSUNBdnVQcFpBEAE,"https://www.google.com/maps/place/Braddell/@1.340679,103.847216,17z/data=!4m8!3m7!1s0x31da1769f946518f:0x96f791fbddcd11dc!8m2!3d1.3406792!4d103.8472157!9m1!1b1!16zL20vMDZ4eHcx"
BRA-003,Braddell,5,1,0,0,1,0,0,0,0,0,Ci9DQUlRQUNvZENodHljRjlvT2pSYU1uY3RkRFZUTW5Cdk1EWllTMHMzVWxkWVRIYxAB,"https://www.google.com/maps/place/Braddell/@1.340679,103.847216,17z/data=!4m8!3m7!1s0x31da1769f946518f:0x96f791fbddcd11dc!8m2!3d1.3406792!4d103.8472157!9m1!1b1!16zL20vMDZ4eHcx"
BRA-004,Braddell,3,1,0,0,1,0,0,0,0,0,Ci9DQUlRQUNvZENodHljRjlvT2tsc04ybHJSVmxvWkZkYVozZGxkVjl2VmpacmVsRRAB,"https://www.google.com/maps/place/Braddell/@1.340679,103.847216,17z/data=!4m8!3m7!1s0x31da1769f946518f:0x96f791fbddcd11dc!8m2!3d1.3406792!4d103.8472157!9m1!1b1!16zL20vMDZ4eHcx"
BRA-005,Braddell,1,0,0,0,1,1,0,1,0,0,Ci9DQUlRQUNvZENodHljRjlvT205VFZYUkdUV1phVEVSdmFWUlBORVY0ZG14TU4yYxAB,"https://www.google.com/maps/place/Braddell/@1.340679,103.847216,17z/data=!4m8!3m7!1s0x31da1769f946518f:0x96f791fbddcd11dc!8m2!3d1.3406792!4d103.8472157!9m1!1b1!16zL20vMDZ4eHcx"
BRA-006,Braddell,3,0,0,0,0,0,0,0,0,0,Ci9DQUlRQUNvZENodHljRjlvT21rMllsaFZlVkJhWkZKNFQwaHlabTgxUmtOUWRsRRAB,"https://www.google.com/maps/place/Braddell/@1.340679,103.847216,17z/data=!4m8!3m7!1s0x31da1769f946518f:0x96f791fbddcd11dc!8m2!3d1.3406792!4d103.8472157!9m1!1b1!16zL20vMDZ4eHcx"
BRA-007,Braddell,5,0,0,0,1,0,0,0,0,0,Ci9DQUlRQUNvZENodHljRjlvT2pGb1dsWnJWWFJDT0RSVmRHWTBTRmd6UVhFdFJHYxAB,"https://www.google.com/maps/place/Braddell/@1.340679,103.847216,17z/data=!4m8!3m7!1s0x31da1769f946518f:0x96f791fbddcd11dc!8m2!3d1.3406792!4d103.8472157!9m1!1b1!16zL20vMDZ4eHcx"
BRA-008,Braddell,5,0,1,1,0,0,0,1,1,1,ChdDSUhNMG9nS0VJQ0FnSUNSeE5TenJBRRAB,"https://www.google.com/maps/place/Braddell/@1.340679,103.847216,17z/data=!4m8!3m7!1s0x31da1769f946518f:0x96f791fbddcd11dc!8m2!3d1.3406792!4d103.8472157!9m1!1b1!16zL20vMDZ4eHcx"
BRA-009,Braddell,3,0,0,0,0,0,0,1,0,0,Ci9DQUlRQUNvZENodHljRjlvT2padGVHY3lZM0JOYlhGaVpXcEhUV2x3UzNZdFQwRRAB,"https://www.google.com/maps/place/Braddell/@1.340679,103.847216,17z/data=!4m8!3m7!1s0x31da1769f946518f:0x96f791fbddcd11dc!8m2!3d1.3406792!4d103.8472157!9m1!1b1!16zL20vMDZ4eHcx"
BRA-010,Braddell,2,0,1,0,1,1,0,1,0,0,ChZDSUhNMG9nS0VJQ0FnSUNQenAzY1RBEAE,"https://www.google.com/maps/place/Braddell/@1.340679,103.847216,17z/data=!4m8!3m7!1s0x31da1769f946518f:0x96f791fbddcd11dc!8m2!3d1.3406792!4d103.8472157!9m1!1b1!16zL20vMDZ4eHcx"
BRA-011,Braddell,4,0,0,0,0,1,0,1,0,1,ChdDSUhNMG9nS0VJQ0FnSUNadnV2TDJBRRAB,"https://www.google.com/maps/place/Braddell/@1.340679,103.847216,17z/data=!4m8!3m7!1s0x31da1769f946518f:0x96f791fbddcd11dc!8m2!3d1.3406792!4d103.8472157!9m1!1b1!16zL20vMDZ4eHcx"
BRA-012,Braddell,1,0,0,0,1,0,0,0,0,0,Ci9DQUlRQUNvZENodHljRjlvT2pCc1RXZHFVekU0WnpCeWNtUXpObWxKY1VNeE9HYxAB,"https://www.google.com/maps/place/Braddell/@1.340679,103.847216,17z/data=!4m8!3m7!1s0x31da1769f946518f:0x96f791fbddcd11dc!8m2!3d1.3406792!4d103.8472157!9m1!1b1!16zL20vMDZ4eHcx"
BRA-013,Braddell,3,0,1,0,1,0,0,1,0,0,Ci9DQUlRQUNvZENodHljRjlvT2prM2R6a3hVRzEwWm5SM2RVUlFPVTB0ZGpKWlRGRRAB,"https://www.google.com/maps/place/Braddell/@1.340679,103.847216,17z/data=!4m8!3m7!1s0x31da1769f946518f:0x96f791fbddcd11dc!8m2!3d1.3406792!4d103.8472157!9m1!1b1!16zL20vMDZ4eHcx"
BRA-014,Braddell,2,0,0,0,1,0,0,0,0,0,ChdDSUhNMG9nS0VJQ0FnTURRcmRfZWxBRRAB,"https://www.google.com/maps/place/Braddell/@1.340679,103.847216,17z/data=!4m8!3m7!1s0x31da1769f946518f:0x96f791fbddcd11dc!8m2!3d1.3406792!4d103.8472157!9m1!1b1!16zL20vMDZ4eHcx"
BRA-015,Braddell,5,1,0,0,0,0,0,0,1,0,ChZDSUhNMG9nS0VJQ0FnSUN6cDdYYVBREAE,"https://www.google.com/maps/place/Braddell/@1.340679,103.847216,17z/data=!4m8!3m7!1s0x31da1769f946518f:0x96f791fbddcd11dc!8m2!3d1.3406792!4d103.8472157!9m1!1b1!16zL20vMDZ4eHcx"
BRA-016,Braddell,5,0,1,0,0,1,0,1,0,0,ChZDSUhNMG9nS0VJQ0FnSURKNXNtLUNREAE,"https://www.google.com/maps/place/Braddell/@1.340679,103.847216,17z/data=!4m8!3m7!1s0x31da1769f946518f:0x96f791fbddcd11dc!8m2!3d1.3406792!4d103.8472157!9m1!1b1!16zL20vMDZ4eHcx"
BRA-017,Braddell,5,1,0,0,0,0,0,0,1,0,ChdDSUhNMG9nS0VJQ0FnSURON2VYQmh3RRAB,"https://www.google.com/maps/place/Braddell/@1.340679,103.847216,17z/data=!4m8!3m7!1s0x31da1769f946518f:0x96f791fbddcd11dc!8m2!3d1.3406792!4d103.8472157!9m1!1b1!16zL20vMDZ4eHcx"
BRA-018,Braddell,3,0,0,0,1,0,1,0,0,0,ChdDSUhNMG9nS0VJQ0FnSUNldzlycHN3RRAB,"https://www.google.com/maps/place/Braddell/@1.340679,103.847216,17z/data=!4m8!3m7!1s0x31da1769f946518f:0x96f791fbddcd11dc!8m2!3d1.3406792!4d103.8472157!9m1!1b1!16zL20vMDZ4eHcx"
BRA-019,Braddell,3,0,0,0,0,0,0,0,1,0,ChZDSUhNMG9nS0VJQ0FnSUQtaVk3b0hBEAE,"https://www.google.com/maps/place/Braddell/@1.340679,103.847216,17z/data=!4m8!3m7!1s0x31da1769f946518f:0x96f791fbddcd11dc!8m2!3d1.3406792!4d103.8472157!9m1!1b1!16zL20vMDZ4eHcx"
BRA-020,Braddell,3,0,0,0,1,0,0,1,0,0,ChdDSUhNMG9nS0VJQ0FnSUN3d0t2aC1RRRAB,"https://www.google.com/maps/place/Braddell/@1.340679,103.847216,17z/data=!4m8!3m7!1s0x31da1769f946518f:0x96f791fbddcd11dc!8m2!3d1.3406792!4d103.8472157!9m1!1b1!16zL20vMDZ4eHcx"
BRA-021,Braddell,1,0,0,0,0,0,0,0,0,0,ChdDSUhNMG9nS0VJQ0FnSUMtNGZPLTJ3RRAB,"https://www.google.com/maps/place/Braddell/@1.340679,103.847216,17z/data=!4m8!3m7!1s0x31da1769f946518f:0x96f791fbddcd11dc!8m2!3d1.3406792!4d103.8472157!9m1!1b1!16zL20vMDZ4eHcx"
BRA-022,Braddell,5,0,0,0,0,0,0,0,0,0,ChZDSUhNMG9nS0VJQ0FnSUMtM2JmbEpREAE,"https://www.google.com/maps/place/Braddell/@1.340679,103.847216,17z/data=!4m8!3m7!1s0x31da1769f946518f:0x96f791fbddcd11dc!8m2!3d1.3406792!4d103.8472157!9m1!1b1!16zL20vMDZ4eHcx"
BRA-023,Braddell,1,0,0,1,0,0,0,0,0,0,ChdDSUhNMG9nS0VJQ0FnTUN3azdua19RRRAB,"https://www.google.com/maps/place/Braddell/@1.340679,103.847216,17z/data=!4m8!3m7!1s0x31da1769f946518f:0x96f791fbddcd11dc!8m2!3d1.3406792!4d103.8472157!9m1!1b1!16zL20vMDZ4eHcx"
BRA-024,Braddell,5,0,0,0,0,1,1,0,1,0,Ci9DQUlRQUNvZENodHljRjlvT25GWWRWbEpVMDFFYlVWcVJVdEpTa2RPYUMxTlduYxAB,"https://www.google.com/maps/place/Braddell/@1.340679,103.847216,17z/data=!4m8!3m7!1s0x31da1769f946518f:0x96f791fbddcd11dc!8m2!3d1.3406792!4d103.8472157!9m1!1b1!16zL20vMDZ4eHcx"
BRA-025,Braddell,3,1,0,0,0,0,0,0,1,0,ChZDSUhNMG9nS0VJQ0FnSUN3elltQkx3EAE,"https://www.google.com/maps/place/Braddell/@1.340679,103.847216,17z/data=!4m8!3m7!1s0x31da1769f946518f:0x96f791fbddcd11dc!8m2!3d1.3406792!4d103.8472157!9m1!1b1!16zL20vMDZ4eHcx"
BRA-026,Braddell,1,0,0,0,0,0,1,1,0,0,ChZDSUhNMG9nS0VJQ0FnSUQzMGFUZENREAE,"https://www.google.com/maps/place/Braddell/@1.340679,103.847216,17z/data=!4m8!3m7!1s0x31da1769f946518f:0x96f791fbddcd11dc!8m2!3d1.3406792!4d103.8472157!9m1!1b1!16zL20vMDZ4eHcx"
BRA-027,Braddell,5,1,0,0,0,0,0,0,1,0,ChZDSUhNMG9nS0VJQ0FnSURKcDgtblFnEAE,"https://www.google.com/maps/place/Braddell/@1.340679,103.847216,17z/data=!4m8!3m7!1s0x31da1769f946518f:0x96f791fbddcd11dc!8m2!3d1.3406792!4d103.8472157!9m1!1b1!16zL20vMDZ4eHcx"
BRA-029,Braddell,4,0,0,0,0,0,1,0,1,0,ChZDSUhNMG9nS0VJQ0FnSUR4Z0xTSEJBEAE,"https://www.google.com/maps/place/Braddell/@1.340679,103.847216,17z/data=!4m8!3m7!1s0x31da1769f946518f:0x96f791fbddcd11dc!8m2!3d1.3406792!4d103.8472157!9m1!1b1!16zL20vMDZ4eHcx"
BRA-030,Braddell,5,0,0,0,0,0,1,1,1,0,ChZDSUhNMG9nS0VJQ0FnSUM3NWVQdk9nEAE,"https://www.google.com/maps/place/Braddell/@1.340679,103.847216,17z/data=!4m8!3m7!1s0x31da1769f946518f:0x96f791fbddcd11dc!8m2!3d1.3406792!4d103.8472157!9m1!1b1!16zL20vMDZ4eHcx"
BRA-031,Braddell,5,1,0,0,0,0,0,0,0,0,Ci9DQUlRQUNvZENodHljRjlvT21KVVdFTnJORmhQWm5oeU1Vb3plbE00VjNweVNGRRAB,"https://www.google.com/maps/place/Braddell/@1.340679,103.847216,17z/data=!4m8!3m7!1s0x31da1769f946518f:0x96f791fbddcd11dc!8m2!3d1.3406792!4d103.8472157!9m1!1b1!16zL20vMDZ4eHcx"
BRA-032,Braddell,5,0,0,0,0,0,0,0,1,0,ChdDSUhNMG9nS0VJQ0FnSUQ1Z3RIYi1nRRAB,"https://www.google.com/maps/place/Braddell/@1.340679,103.847216,17z/data=!4m8!3m7!1s0x31da1769f946518f:0x96f791fbddcd11dc!8m2!3d1.3406792!4d103.8472157!9m1!1b1!16zL20vMDZ4eHcx"
BRA-033,Braddell,4,0,0,0,0,0,0,0,0,1,ChdDSUhNMG9nS0VJQ0FnSUNoejUzajBRRRAB,"https://www.google.com/maps/place/Braddell/@1.340679,103.847216,17z/data=!4m8!3m7!1s0x31da1769f946518f:0x96f791fbddcd11dc!8m2!3d1.3406792!4d103.8472157!9m1!1b1!16zL20vMDZ4eHcx"
BRA-034,Braddell,3,0,0,0,0,0,0,0,0,1,ChdDSUhNMG9nS0VJQ0FnSUNPbHU2SDBRRRAB,"https://www.google.com/maps/place/Braddell/@1.340679,103.847216,17z/data=!4m8!3m7!1s0x31da1769f946518f:0x96f791fbddcd11dc!8m2!3d1.3406792!4d103.8472157!9m1!1b1!16zL20vMDZ4eHcx"
BRA-035,Braddell,5,0,0,0,0,0,0,0,0,0,ChdDSUhNMG9nS0VJQ0FnSURCN19XVnBnRRAB,"https://www.google.com/maps/place/Braddell/@1.340679,103.847216,17z/data=!4m8!3m7!1s0x31da1769f946518f:0x96f791fbddcd11dc!8m2!3d1.3406792!4d103.8472157!9m1!1b1!16zL20vMDZ4eHcx"
BRA-036,Braddell,4,0,0,1,0,0,0,0,0,1,ChdDSUhNMG9nS0VJQ0FnSUNnMXF1UDVRRRAB,"https://www.google.com/maps/place/Braddell/@1.340679,103.847216,17z/data=!4m8!3m7!1s0x31da1769f946518f:0x96f791fbddcd11dc!8m2!3d1.3406792!4d103.8472157!9m1!1b1!16zL20vMDZ4eHcx"
BRA-037,Braddell,3,0,0,0,0,1,0,0,0,0,Ci9DQUlRQUNvZENodHljRjlvT21KQlYyaGFUMUZwUmxKMExXcFNhWEEwYVZCbVQzYxAB,"https://www.google.com/maps/place/Braddell/@1.340679,103.847216,17z/data=!4m8!3m7!1s0x31da1769f946518f:0x96f791fbddcd11dc!8m2!3d1.3406792!4d103.8472157!9m1!1b1!16zL20vMDZ4eHcx"
BRA-039,Braddell,3,0,0,0,0,0,0,1,0,0,ChZDSUhNMG9nS0VJQ0FnSUNIOHV2OERnEAE,"https://www.google.com/maps/place/Braddell/@1.340679,103.847216,17z/data=!4m8!3m7!1s0x31da1769f946518f:0x96f791fbddcd11dc!8m2!3d1.3406792!4d103.8472157!9m1!1b1!16zL20vMDZ4eHcx"
BRA-040,Braddell,5,1,0,0,0,0,0,0,0,0,ChZDSUhNMG9nS0VJQ0FnSURacXN5WlJnEAE,"https://www.google.com/maps/place/Braddell/@1.340679,103.847216,17z/data=!4m8!3m7!1s0x31da1769f946518f:0x96f791fbddcd11dc!8m2!3d1.3406792!4d103.8472157!9m1!1b1!16zL20vMDZ4eHcx"
BRA-042,Braddell,5,1,0,0,0,0,0,0,1,0,ChdDSUhNMG9nS0VJQ0FnSUM3ck1yQ213RRAB,"https://www.google.com/maps/place/Braddell/@1.340679,103.847216,17z/data=!4m8!3m7!1s0x31da1769f946518f:0x96f791fbddcd11dc!8m2!3d1.3406792!4d103.8472157!9m1!1b1!16zL20vMDZ4eHcx"
BRA-043,Braddell,5,0,0,0,0,1,0,0,0,0,ChdDSUhNMG9nS0VJQ0FnSUN3dWNiZ29nRRAB,"https://www.google.com/maps/place/Braddell/@1.340679,103.847216,17z/data=!4m8!3m7!1s0x31da1769f946518f:0x96f791fbddcd11dc!8m2!3d1.3406792!4d103.8472157!9m1!1b1!16zL20vMDZ4eHcx"
BRA-044,Braddell,5,0,0,0,1,0,0,0,0,0,ChZDSUhNMG9nS0VMYk5tcG5TaUpQeFpnEAE,"https://www.google.com/maps/place/Braddell/@1.340679,103.847216,17z/data=!4m8!3m7!1s0x31da1769f946518f:0x96f791fbddcd11dc!8m2!3d1.3406792!4d103.8472157!9m1!1b1!16zL20vMDZ4eHcx"
BRA-045,Braddell,5,0,0,0,0,1,0,0,0,0,ChZDSUhNMG9nS0VJQ0FnSUM5N01MbFF3EAE,"https://www.google.com/maps/place/Braddell/@1.340679,103.847216,17z/data=!4m8!3m7!1s0x31da1769f946518f:0x96f791fbddcd11dc!8m2!3d1.3406792!4d103.8472157!9m1!1b1!16zL20vMDZ4eHcx"
BRA-048,Braddell,5,1,0,0,0,0,0,0,0,0,ChdDSUhNMG9nS0VJQ0FnSURlcHB2XzBnRRAB,"https://www.google.com/maps/place/Braddell/@1.340679,103.847216,17z/data=!4m8!3m7!1s0x31da1769f946518f:0x96f791fbddcd11dc!8m2!3d1.3406792!4d103.8472157!9m1!1b1!16zL20vMDZ4eHcx"
DHO-001,Dhoby Ghaut,4,1,0,0,0,0,0,0,0,0,Ci9DQUlRQUNvZENodHljRjlvT201UGNVSXdhekZ2WkVOSWJtNXplRXA1WjBWVlJXYxAB,"https://www.google.com/maps/place/Dhoby+Ghaut/@1.298947,103.845492,17z/data=!4m8!3m7!1s0x31da19bd67c4bc19:0x44737e8d40235e1e!8m2!3d1.2987042!4d103.8461092!9m1!1b1!16zL20vMDRjNnhn"
DHO-002,Dhoby Ghaut,5,1,1,0,0,1,0,0,0,0,Ci9DQUlRQUNvZENodHljRjlvT21SYVZsRklVMmQzVFdkc1duRnFlamd6YVZSamNtYxAB,"https://www.google.com/maps/place/Dhoby+Ghaut/@1.298947,103.845492,17z/data=!4m8!3m7!1s0x31da19bd67c4bc19:0x44737e8d40235e1e!8m2!3d1.2987042!4d103.8461092!9m1!1b1!16zL20vMDRjNnhn"
DHO-004,Dhoby Ghaut,5,1,1,1,1,1,0,1,0,0,Ci9DQUlRQUNvZENodHljRjlvT2kxU1RWUjRUblJWYW5sSU9UaEpOMEpNVjA0dGRHYxAB,"https://www.google.com/maps/place/Dhoby+Ghaut/@1.298947,103.845492,17z/data=!4m8!3m7!1s0x31da19bd67c4bc19:0x44737e8d40235e1e!8m2!3d1.2987042!4d103.8461092!9m1!1b1!16zL20vMDRjNnhn"
DHO-005,Dhoby Ghaut,5,1,1,1,1,0,0,1,1,1,ChZDSUhNMG9nS0VJQ0FnSUNmczdXa0h3EAE,"https://www.google.com/maps/place/Dhoby+Ghaut/@1.298947,103.845492,17z/data=!4m8!3m7!1s0x31da19bd67c4bc19:0x44737e8d40235e1e!8m2!3d1.2987042!4d103.8461092!9m1!1b1!16zL20vMDRjNnhn"
DHO-006,Dhoby Ghaut,5,1,1,0,0,0,0,0,0,0,Ci9DQUlRQUNvZENodHljRjlvT25KVFNVSTVZMVpQUkd0SVNrOHRaazV0VFZaaGFIYxAB,"https://www.google.com/maps/place/Dhoby+Ghaut/@1.298947,103.845492,17z/data=!4m8!3m7!1s0x31da19bd67c4bc19:0x44737e8d40235e1e!8m2!3d1.2987042!4d103.8461092!9m1!1b1!16zL20vMDRjNnhn"
DHO-007,Dhoby Ghaut,5,1,0,0,0,0,0,0,1,1,Ci9DQUlRQUNvZENodHljRjlvT21oTU9VbDJSVmRHWm1KSlpFRTBaV2RPZURaWk5FRRAB,"https://www.google.com/maps/place/Dhoby+Ghaut/@1.298947,103.845492,17z/data=!4m8!3m7!1s0x31da19bd67c4bc19:0x44737e8d40235e1e!8m2!3d1.2987042!4d103.8461092!9m1!1b1!16zL20vMDRjNnhn"
DHO-008,Dhoby Ghaut,4,1,0,0,0,0,0,0,1,0,Ci9DQUlRQUNvZENodHljRjlvT25oYVIwdHZNSEJJVmpoMWIwOXRhMUp0TjJWa1pXYxAB,"https://www.google.com/maps/place/Dhoby+Ghaut/@1.298947,103.845492,17z/data=!4m8!3m7!1s0x31da19bd67c4bc19:0x44737e8d40235e1e!8m2!3d1.2987042!4d103.8461092!9m1!1b1!16zL20vMDRjNnhn"
DHO-009,Dhoby Ghaut,5,1,0,1,0,0,0,0,0,0,ChdDSUhNMG9nS0VJQ0FnSURIdi15Ym13RRAB,"https://www.google.com/maps/place/Dhoby+Ghaut/@1.298947,103.845492,17z/data=!4m8!3m7!1s0x31da19bd67c4bc19:0x44737e8d40235e1e!8m2!3d1.2987042!4d103.8461092!9m1!1b1!16zL20vMDRjNnhn"
DHO-011,Dhoby Ghaut,2,1,0,0,0,1,0,0,0,0,Ci9DQUlRQUNvZENodHljRjlvT21Od1RYVjZVRzh3TVZaMmJXNHljM2huZUdwb1ZXYxAB,"https://www.google.com/maps/place/Dhoby+Ghaut/@1.298947,103.845492,17z/data=!4m8!3m7!1s0x31da19bd67c4bc19:0x44737e8d40235e1e!8m2!3d1.2987042!4d103.8461092!9m1!1b1!16zL20vMDRjNnhn"
DHO-012,Dhoby Ghaut,5,1,0,0,0,1,0,0,0,0,ChZDSUhNMG9nS0VJQ0FnSUR6eXBqOEF3EAE,"https://www.google.com/maps/place/Dhoby+Ghaut/@1.298947,103.845492,17z/data=!4m8!3m7!1s0x31da19bd67c4bc19:0x44737e8d40235e1e!8m2!3d1.2987042!4d103.8461092!9m1!1b1!16zL20vMDRjNnhn"
DHO-013,Dhoby Ghaut,5,1,0,1,0,0,0,0,0,0,ChdDSUhNMG9nS0VJQ0FnSUN2ell1V3J3RRAB,"https://www.google.com/maps/place/Dhoby+Ghaut/@1.298947,103.845492,17z/data=!4m8!3m7!1s0x31da19bd67c4bc19:0x44737e8d40235e1e!8m2!3d1.2987042!4d103.8461092!9m1!1b1!16zL20vMDRjNnhn"
DHO-014,Dhoby Ghaut,5,1,0,0,0,0,0,0,0,0,ChZDSUhNMG9nS0VJQ0FnSUN2eHRYTWR3EAE,"https://www.google.com/maps/place/Dhoby+Ghaut/@1.298947,103.845492,17z/data=!4m8!3m7!1s0x31da19bd67c4bc19:0x44737e8d40235e1e!8m2!3d1.2987042!4d103.8461092!9m1!1b1!16zL20vMDRjNnhn"
DHO-015,Dhoby Ghaut,5,1,1,1,0,0,0,0,0,0,ChdDSUhNMG9nS0VJQ0FnSUNSX1lDSm53RRAB,"https://www.google.com/maps/place/Dhoby+Ghaut/@1.298947,103.845492,17z/data=!4m8!3m7!1s0x31da19bd67c4bc19:0x44737e8d40235e1e!8m2!3d1.2987042!4d103.8461092!9m1!1b1!16zL20vMDRjNnhn"
DHO-016,Dhoby Ghaut,4,1,1,1,0,1,0,1,0,0,Ci9DQUlRQUNvZENodHljRjlvT2xWa1UyTllVemQxVEVkT1pFbFVOVzFPU3pVeWFFRRAB,"https://www.google.com/maps/place/Dhoby+Ghaut/@1.298947,103.845492,17z/data=!4m8!3m7!1s0x31da19bd67c4bc19:0x44737e8d40235e1e!8m2!3d1.2987042!4d103.8461092!9m1!1b1!16zL20vMDRjNnhn"
DHO-017,Dhoby Ghaut,2,0,1,1,1,0,0,0,0,0,ChZDSUhNMG9nS0VJQ0FnSURKaGJ6cGRREAE,"https://www.google.com/maps/place/Dhoby+Ghaut/@1.298947,103.845492,17z/data=!4m8!3m7!1s0x31da19bd67c4bc19:0x44737e8d40235e1e!8m2!3d1.2987042!4d103.8461092!9m1!1b1!16zL20vMDRjNnhn"
DHO-018,Dhoby Ghaut,5,1,1,1,0,0,0,0,1,0,ChZDSUhNMG9nS0VJQ0FnSUR4c3RHdFlREAE,"https://www.google.com/maps/place/Dhoby+Ghaut/@1.298947,103.845492,17z/data=!4m8!3m7!1s0x31da19bd67c4bc19:0x44737e8d40235e1e!8m2!3d1.2987042!4d103.8461092!9m1!1b1!16zL20vMDRjNnhn"
DHO-020,Dhoby Ghaut,5,1,0,0,0,1,0,0,0,0,ChdDSUhNMG9nS0VJQ0FnSUR3aXN2QTlRRRAB,"https://www.google.com/maps/place/Dhoby+Ghaut/@1.298947,103.845492,17z/data=!4m8!3m7!1s0x31da19bd67c4bc19:0x44737e8d40235e1e!8m2!3d1.2987042!4d103.8461092!9m1!1b1!16zL20vMDRjNnhn"
DHO-021,Dhoby Ghaut,4,1,0,1,0,1,0,1,1,0,ChdDSUhNMG9nS0VJQ0FnSUNMdHZqX2xnRRAB,"https://www.google.com/maps/place/Dhoby+Ghaut/@1.298947,103.845492,17z/data=!4m8!3m7!1s0x31da19bd67c4bc19:0x44737e8d40235e1e!8m2!3d1.2987042!4d103.8461092!9m1!1b1!16zL20vMDRjNnhn"
DHO-022,Dhoby Ghaut,4,1,0,0,0,0,0,0,0,0,Ci9DQUlRQUNvZENodHljRjlvT2paM1pERlFiMU5YYm05elQwUXlTVFJXUldVellsRRAB,"https://www.google.com/maps/place/Dhoby+Ghaut/@1.298947,103.845492,17z/data=!4m8!3m7!1s0x31da19bd67c4bc19:0x44737e8d40235e1e!8m2!3d1.2987042!4d103.8461092!9m1!1b1!16zL20vMDRjNnhn"
DHO-024,Dhoby Ghaut,5,1,0,1,1,0,0,0,0,0,Ci9DQUlRQUNvZENodHljRjlvT2pBeGRGQmxTR2hZWlhBeFdFVjZVR1ZsYkZOM2ExRRAB,"https://www.google.com/maps/place/Dhoby+Ghaut/@1.298947,103.845492,17z/data=!4m8!3m7!1s0x31da19bd67c4bc19:0x44737e8d40235e1e!8m2!3d1.2987042!4d103.8461092!9m1!1b1!16zL20vMDRjNnhn"
DHO-025,Dhoby Ghaut,4,0,0,0,0,1,0,0,1,1,Ci9DQUlRQUNvZENodHljRjlvT2s5dE9GRTNjVUZpUm13NVgwaHJaWFJ0TkVSSmNXYxAB,"https://www.google.com/maps/place/Dhoby+Ghaut/@1.298947,103.845492,17z/data=!4m8!3m7!1s0x31da19bd67c4bc19:0x44737e8d40235e1e!8m2!3d1.2987042!4d103.8461092!9m1!1b1!16zL20vMDRjNnhn"
DHO-026,Dhoby Ghaut,5,1,0,0,0,0,0,0,1,0,ChZDSUhNMG9nS0VJQ0FnTUNZLUxHSVZBEAE,"https://www.google.com/maps/place/Dhoby+Ghaut/@1.298947,103.845492,17z/data=!4m8!3m7!1s0x31da19bd67c4bc19:0x44737e8d40235e1e!8m2!3d1.2987042!4d103.8461092!9m1!1b1!16zL20vMDRjNnhn"
DHO-027,Dhoby Ghaut,4,1,0,0,0,0,0,0,0,0,ChdDSUhNMG9nS0VJQ0FnSURqa3M2SW1RRRAB,"https://www.google.com/maps/place/Dhoby+Ghaut/@1.298947,103.845492,17z/data=!4m8!3m7!1s0x31da19bd67c4bc19:0x44737e8d40235e1e!8m2!3d1.2987042!4d103.8461092!9m1!1b1!16zL20vMDRjNnhn"
DHO-028,Dhoby Ghaut,3,1,0,0,0,0,0,1,0,1,ChZDSUhNMG9nS0VJQ0FnSUNpazhiWVJBEAE,"https://www.google.com/maps/place/Dhoby+Ghaut/@1.298947,103.845492,17z/data=!4m8!3m7!1s0x31da19bd67c4bc19:0x44737e8d40235e1e!8m2!3d1.2987042!4d103.8461092!9m1!1b1!16zL20vMDRjNnhn"
DHO-029,Dhoby Ghaut,5,1,0,1,0,0,0,1,0,1,ChdDSUhNMG9nS0VJQ0FnSURnOGFUbi1BRRAB,"https://www.google.com/maps/place/Dhoby+Ghaut/@1.298947,103.845492,17z/data=!4m8!3m7!1s0x31da19bd67c4bc19:0x44737e8d40235e1e!8m2!3d1.2987042!4d103.8461092!9m1!1b1!16zL20vMDRjNnhn"
DHO-030,Dhoby Ghaut,5,0,0,0,0,0,0,0,0,0,Ci9DQUlRQUNvZENodHljRjlvT2s5MlozVlRkRU50YUhkaU1VMXFTamhPY2t4aFQyYxAB,"https://www.google.com/maps/place/Dhoby+Ghaut/@1.298947,103.845492,17z/data=!4m8!3m7!1s0x31da19bd67c4bc19:0x44737e8d40235e1e!8m2!3d1.2987042!4d103.8461092!9m1!1b1!16zL20vMDRjNnhn"
DHO-031,Dhoby Ghaut,4,0,0,1,0,1,0,0,0,0,ChZDSUhNMG9nS0VJQ0FnSURQdlBIQ01nEAE,"https://www.google.com/maps/place/Dhoby+Ghaut/@1.298947,103.845492,17z/data=!4m8!3m7!1s0x31da19bd67c4bc19:0x44737e8d40235e1e!8m2!3d1.2987042!4d103.8461092!9m1!1b1!16zL20vMDRjNnhn"
DHO-032,Dhoby Ghaut,5,1,0,0,0,0,0,0,1,0,Ci9DQUlRQUNvZENodHljRjlvT2tGdFlsTkNTRXQwTVVSM1YzTm1iM0JzVGs1WFdXYxAB,"https://www.google.com/maps/place/Dhoby+Ghaut/@1.298947,103.845492,17z/data=!4m8!3m7!1s0x31da19bd67c4bc19:0x44737e8d40235e1e!8m2!3d1.2987042!4d103.8461092!9m1!1b1!16zL20vMDRjNnhn"
DHO-033,Dhoby Ghaut,5,1,0,0,0,0,0,0,0,0,Ci9DQUlRQUNvZENodHljRjlvT2tKd1kwOVFiVmM0WVdaUFExTkJla1U0Y2tNdGEwRRAB,"https://www.google.com/maps/place/Dhoby+Ghaut/@1.298947,103.845492,17z/data=!4m8!3m7!1s0x31da19bd67c4bc19:0x44737e8d40235e1e!8m2!3d1.2987042!4d103.8461092!9m1!1b1!16zL20vMDRjNnhn"
DHO-034,Dhoby Ghaut,3,1,1,0,0,0,0,0,0,1,ChZDSUhNMG9nS0VJQ0FnSUNCOGJMbGR3EAE,"https://www.google.com/maps/place/Dhoby+Ghaut/@1.298947,103.845492,17z/data=!4m8!3m7!1s0x31da19bd67c4bc19:0x44737e8d40235e1e!8m2!3d1.2987042!4d103.8461092!9m1!1b1!16zL20vMDRjNnhn"
DHO-035,Dhoby Ghaut,5,1,1,1,0,0,0,1,0,0,Ci9DQUlRQUNvZENodHljRjlvT2xSSFNYQlpWRU5MTTFGUVkxZzJlVVEzYlVkUk5uYxAB,"https://www.google.com/maps/place/Dhoby+Ghaut/@1.298947,103.845492,17z/data=!4m8!3m7!1s0x31da19bd67c4bc19:0x44737e8d40235e1e!8m2!3d1.2987042!4d103.8461092!9m1!1b1!16zL20vMDRjNnhn"
DHO-036,Dhoby Ghaut,4,1,0,1,0,1,0,0,0,0,ChZDSUhNMG9nS0VJQ0FnSUN1NGNlUkZBEAE,"https://www.google.com/maps/place/Dhoby+Ghaut/@1.298947,103.845492,17z/data=!4m8!3m7!1s0x31da19bd67c4bc19:0x44737e8d40235e1e!8m2!3d1.2987042!4d103.8461092!9m1!1b1!16zL20vMDRjNnhn"
DHO-037,Dhoby Ghaut,4,0,0,0,0,1,0,1,0,0,Ci9DQUlRQUNvZENodHljRjlvT21KTlVFd3hURUV3VlUxSlJHUnRTVjltV21oNVJrRRAB,"https://www.google.com/maps/place/Dhoby+Ghaut/@1.298947,103.845492,17z/data=!4m8!3m7!1s0x31da19bd67c4bc19:0x44737e8d40235e1e!8m2!3d1.2987042!4d103.8461092!9m1!1b1!16zL20vMDRjNnhn"
DHO-038,Dhoby Ghaut,5,1,1,0,0,0,0,0,0,0,ChZDSUhNMG9nS0VJQ0FnSURBNmFieGVnEAE,"https://www.google.com/maps/place/Dhoby+Ghaut/@1.298947,103.845492,17z/data=!4m8!3m7!1s0x31da19bd67c4bc19:0x44737e8d40235e1e!8m2!3d1.2987042!4d103.8461092!9m1!1b1!16zL20vMDRjNnhn"
NEW-001,Newton,4,1,0,0,0,0,1,1,0,0,Ci9DQUlRQUNvZENodHljRjlvT25oWE16ZHZia3BtVEZKRk5raHZVa0Z3V0VSNmRYYxAB,"https://www.google.com/maps/place/Newton/@1.31232,103.83799,17z/data=!4m8!3m7!1s0x31da19eebf115faf:0x45f1832a3cda505c!8m2!3d1.31232!4d103.83799!9m1!1b1!16zL20vMDZobXR0"
NEW-002,Newton,5,0,0,0,0,0,1,0,0,0,Ci9DQUlRQUNvZENodHljRjlvT2toVk1GVmFOMnhrTkhKbFlWUk1hVlZQV25sWlZWRRAB,"https://www.google.com/maps/place/Newton/@1.31232,103.83799,17z/data=!4m8!3m7!1s0x31da19eebf115faf:0x45f1832a3cda505c!8m2!3d1.31232!4d103.83799!9m1!1b1!16zL20vMDZobXR0"
NEW-003,Newton,4,1,1,0,0,1,1,0,1,0,ChdDSUhNMG9nS0VJQ0FnSURRbTVmMWx3RRAB,"https://www.google.com/maps/place/Newton/@1.31232,103.83799,17z/data=!4m8!3m7!1s0x31da19eebf115faf:0x45f1832a3cda505c!8m2!3d1.31232!4d103.83799!9m1!1b1!16zL20vMDZobXR0"
NEW-004,Newton,5,1,1,0,0,0,0,1,0,0,ChZDSUhNMG9nS0VJQ0FnSURHZ2VidU93EAE,"https://www.google.com/maps/place/Newton/@1.31232,103.83799,17z/data=!4m8!3m7!1s0x31da19eebf115faf:0x45f1832a3cda505c!8m2!3d1.31232!4d103.83799!9m1!1b1!16zL20vMDZobXR0"
NEW-005,Newton,5,0,0,0,0,0,0,1,0,1,ChdDSUhNMG9nS0VJQ0FnSUNCN2U3WHd3RRAB,"https://www.google.com/maps/place/Newton/@1.31232,103.83799,17z/data=!4m8!3m7!1s0x31da19eebf115faf:0x45f1832a3cda505c!8m2!3d1.31232!4d103.83799!9m1!1b1!16zL20vMDZobXR0"
NEW-006,Newton,5,0,0,0,0,0,1,1,0,0,Ci9DQUlRQUNvZENodHljRjlvT2tWMWVYUlpaM3BJZEZwMVIzaDZhRXRtTkUxbmFYYxAB,"https://www.google.com/maps/place/Newton/@1.31232,103.83799,17z/data=!4m8!3m7!1s0x31da19eebf115faf:0x45f1832a3cda505c!8m2!3d1.31232!4d103.83799!9m1!1b1!16zL20vMDZobXR0"
NEW-007,Newton,3,1,0,0,1,0,0,0,0,0,ChdDSUhNMG9nS0VJQ0FnSUN3emE2dXlBRRAB,"https://www.google.com/maps/place/Newton/@1.31232,103.83799,17z/data=!4m8!3m7!1s0x31da19eebf115faf:0x45f1832a3cda505c!8m2!3d1.31232!4d103.83799!9m1!1b1!16zL20vMDZobXR0"
NEW-008,Newton,1,0,1,1,0,0,0,0,0,0,ChdDSUhNMG9nS0VJQ0FnSUNSMU1TN3BBRRAB,"https://www.google.com/maps/place/Newton/@1.31232,103.83799,17z/data=!4m8!3m7!1s0x31da19eebf115faf:0x45f1832a3cda505c!8m2!3d1.31232!4d103.83799!9m1!1b1!16zL20vMDZobXR0"
NEW-009,Newton,4,0,1,1,0,0,0,0,0,0,ChZDSUhNMG9nS0VJQ0FnSUNJaDQtYmNREAE,"https://www.google.com/maps/place/Newton/@1.31232,103.83799,17z/data=!4m8!3m7!1s0x31da19eebf115faf:0x45f1832a3cda505c!8m2!3d1.31232!4d103.83799!9m1!1b1!16zL20vMDZobXR0"
NEW-010,Newton,1,0,0,0,0,0,0,0,0,0,ChdDSUhNMG9nS0VJQ0FnSUQtLXBITndBRRAB,"https://www.google.com/maps/place/Newton/@1.31232,103.83799,17z/data=!4m8!3m7!1s0x31da19eebf115faf:0x45f1832a3cda505c!8m2!3d1.31232!4d103.83799!9m1!1b1!16zL20vMDZobXR0"
NEW-011,Newton,5,1,1,0,0,0,0,0,0,0,ChZDSUhNMG9nS0VJQ0FnSUN3eTlQaFl3EAE,"https://www.google.com/maps/place/Newton/@1.31232,103.83799,17z/data=!4m8!3m7!1s0x31da19eebf115faf:0x45f1832a3cda505c!8m2!3d1.31232!4d103.83799!9m1!1b1!16zL20vMDZobXR0"
NEW-012,Newton,2,0,1,1,0,0,0,0,0,0,ChZDSUhNMG9nS0VJQ0FnSURwLWVQNE53EAE,"https://www.google.com/maps/place/Newton/@1.31232,103.83799,17z/data=!4m8!3m7!1s0x31da19eebf115faf:0x45f1832a3cda505c!8m2!3d1.31232!4d103.83799!9m1!1b1!16zL20vMDZobXR0"
NEW-013,Newton,4,1,1,0,0,0,0,0,0,0,ChdDSUhNMG9nS0VJQ0FnSUNSbVpDMjFnRRAB,"https://www.google.com/maps/place/Newton/@1.31232,103.83799,17z/data=!4m8!3m7!1s0x31da19eebf115faf:0x45f1832a3cda505c!8m2!3d1.31232!4d103.83799!9m1!1b1!16zL20vMDZobXR0"
NEW-014,Newton,4,0,0,0,0,0,0,1,0,0,Ci9DQUlRQUNvZENodHljRjlvT205VVJWTTBZMWRoVUU5bGNXdFhRM3BMYlhWSU5uYxAB,"https://www.google.com/maps/place/Newton/@1.31232,103.83799,17z/data=!4m8!3m7!1s0x31da19eebf115faf:0x45f1832a3cda505c!8m2!3d1.31232!4d103.83799!9m1!1b1!16zL20vMDZobXR0"
NEW-015,Newton,3,1,0,0,0,0,0,0,0,0,ChdDSUhNMG9nS0VJQ0FnSURBam83ZjF3RRAB,"https://www.google.com/maps/place/Newton/@1.31232,103.83799,17z/data=!4m8!3m7!1s0x31da19eebf115faf:0x45f1832a3cda505c!8m2!3d1.31232!4d103.83799!9m1!1b1!16zL20vMDZobXR0"
NEW-017,Newton,5,1,0,0,0,0,0,0,0,0,ChZDSUhNMG9nS0VJQ0FnSURRN3VLSklnEAE,"https://www.google.com/maps/place/Newton/@1.31232,103.83799,17z/data=!4m8!3m7!1s0x31da19eebf115faf:0x45f1832a3cda505c!8m2!3d1.31232!4d103.83799!9m1!1b1!16zL20vMDZobXR0"
NEW-018,Newton,5,1,0,0,0,0,0,0,0,0,ChZDSUhNMG9nS0VJQ0FnSUNRZ3NxNUlREAE,"https://www.google.com/maps/place/Newton/@1.31232,103.83799,17z/data=!4m8!3m7!1s0x31da19eebf115faf:0x45f1832a3cda505c!8m2!3d1.31232!4d103.83799!9m1!1b1!16zL20vMDZobXR0"
NEW-019,Newton,5,1,0,0,0,0,0,0,1,0,ChZDSUhNMG9nS0VJQ0FnSURjal8zMkJREAE,"https://www.google.com/maps/place/Newton/@1.31232,103.83799,17z/data=!4m8!3m7!1s0x31da19eebf115faf:0x45f1832a3cda505c!8m2!3d1.31232!4d103.83799!9m1!1b1!16zL20vMDZobXR0"
NEW-020,Newton,4,1,0,1,1,0,0,0,0,0,ChZDSUhNMG9nS0VJQ0FnSUNDMHFpTVJ3EAE,"https://www.google.com/maps/place/Newton/@1.31232,103.83799,17z/data=!4m8!3m7!1s0x31da19eebf115faf:0x45f1832a3cda505c!8m2!3d1.31232!4d103.83799!9m1!1b1!16zL20vMDZobXR0"
NEW-021,Newton,5,1,0,0,0,1,0,0,0,0,ChdDSUhNMG9nS0VJQ0FnSUNwdXV6UWhBRRAB,"https://www.google.com/maps/place/Newton/@1.31232,103.83799,17z/data=!4m8!3m7!1s0x31da19eebf115faf:0x45f1832a3cda505c!8m2!3d1.31232!4d103.83799!9m1!1b1!16zL20vMDZobXR0"
NEW-022,Newton,3,0,0,0,0,0,0,0,0,0,ChZDSUhNMG9nS0VJQ0FnTUNvMjRmaFJ3EAE,"https://www.google.com/maps/place/Newton/@1.31232,103.83799,17z/data=!4m8!3m7!1s0x31da19eebf115faf:0x45f1832a3cda505c!8m2!3d1.31232!4d103.83799!9m1!1b1!16zL20vMDZobXR0"
NEW-023,Newton,3,1,0,0,0,0,0,0,0,0,ChZDSUhNMG9nS0VJQ0FnSUN3NTVEd0lBEAE,"https://www.google.com/maps/place/Newton/@1.31232,103.83799,17z/data=!4m8!3m7!1s0x31da19eebf115faf:0x45f1832a3cda505c!8m2!3d1.31232!4d103.83799!9m1!1b1!16zL20vMDZobXR0"
NEW-024,Newton,4,0,1,0,0,0,0,0,0,0,ChdDSUhNMG9nS0VJQ0FnSURTcnNpTW9RRRAB,"https://www.google.com/maps/place/Newton/@1.31232,103.83799,17z/data=!4m8!3m7!1s0x31da19eebf115faf:0x45f1832a3cda505c!8m2!3d1.31232!4d103.83799!9m1!1b1!16zL20vMDZobXR0"
NEW-026,Newton,1,0,0,0,0,0,0,0,0,0,ChdDSUhNMG9nS0VJQ0FnSUNvc2IzVzJnRRAB,"https://www.google.com/maps/place/Newton/@1.31232,103.83799,17z/data=!4m8!3m7!1s0x31da19eebf115faf:0x45f1832a3cda505c!8m2!3d1.31232!4d103.83799!9m1!1b1!16zL20vMDZobXR0"
NEW-027,Newton,1,0,0,0,0,0,0,0,0,0,ChdDSUhNMG9nS0VJQ0FnSUNBdVpLMHJRRRAB,"https://www.google.com/maps/place/Newton/@1.31232,103.83799,17z/data=!4m8!3m7!1s0x31da19eebf115faf:0x45f1832a3cda505c!8m2!3d1.31232!4d103.83799!9m1!1b1!16zL20vMDZobXR0"
NEW-028,Newton,5,0,0,0,0,1,0,0,0,0,Ci9DQUlRQUNvZENodHljRjlvT21wVk0xZE1VMkp3ZDNCUE5EbHlaMGc0UWw5WlMzYxAB,"https://www.google.com/maps/place/Newton/@1.31232,103.83799,17z/data=!4m8!3m7!1s0x31da19eebf115faf:0x45f1832a3cda505c!8m2!3d1.31232!4d103.83799!9m1!1b1!16zL20vMDZobXR0"
NEW-029,Newton,3,1,0,0,0,0,0,0,0,0,ChdDSUhNMG9nS0VJQ0FnSUNneWV2SzdnRRAB,"https://www.google.com/maps/place/Newton/@1.31232,103.83799,17z/data=!4m8!3m7!1s0x31da19eebf115faf:0x45f1832a3cda505c!8m2!3d1.31232!4d103.83799!9m1!1b1!16zL20vMDZobXR0"
NEW-030,Newton,5,1,0,0,0,0,0,0,1,0,ChZDSUhNMG9nS0VJQ0FnSURlMkxDdFV3EAE,"https://www.google.com/maps/place/Newton/@1.31232,103.83799,17z/data=!4m8!3m7!1s0x31da19eebf115faf:0x45f1832a3cda505c!8m2!3d1.31232!4d103.83799!9m1!1b1!16zL20vMDZobXR0"
NEW-031,Newton,4,1,0,0,0,0,0,0,0,0,ChZDSUhNMG9nS0VJQ0FnSUQyck55ZUdBEAE,"https://www.google.com/maps/place/Newton/@1.31232,103.83799,17z/data=!4m8!3m7!1s0x31da19eebf115faf:0x45f1832a3cda505c!8m2!3d1.31232!4d103.83799!9m1!1b1!16zL20vMDZobXR0"
NEW-032,Newton,5,1,0,0,0,0,0,1,1,0,ChdDSUhNMG9nS0VJQ0FnSUNnazVfWjFRRRAB,"https://www.google.com/maps/place/Newton/@1.31232,103.83799,17z/data=!4m8!3m7!1s0x31da19eebf115faf:0x45f1832a3cda505c!8m2!3d1.31232!4d103.83799!9m1!1b1!16zL20vMDZobXR0"
NEW-034,Newton,4,0,1,0,0,0,0,0,0,0,ChZDSUhNMG9nS0VJQ0FnSURRdy1iS1dnEAE,"https://www.google.com/maps/place/Newton/@1.31232,103.83799,17z/data=!4m8!3m7!1s0x31da19eebf115faf:0x45f1832a3cda505c!8m2!3d1.31232!4d103.83799!9m1!1b1!16zL20vMDZobXR0"
NEW-036,Newton,4,0,0,1,0,0,0,0,0,0,ChdDSUhNMG9nS0VJQ0FnSUNJd2Nfa3F3RRAB,"https://www.google.com/maps/place/Newton/@1.31232,103.83799,17z/data=!4m8!3m7!1s0x31da19eebf115faf:0x45f1832a3cda505c!8m2!3d1.31232!4d103.83799!9m1!1b1!16zL20vMDZobXR0"
NEW-037,Newton,4,1,0,0,0,0,0,0,0,1,ChdDSUhNMG9nS0VJQ0FnSUN3OGJMRnBBRRAB,"https://www.google.com/maps/place/Newton/@1.31232,103.83799,17z/data=!4m8!3m7!1s0x31da19eebf115faf:0x45f1832a3cda505c!8m2!3d1.31232!4d103.83799!9m1!1b1!16zL20vMDZobXR0"
NEW-038,Newton,5,0,0,0,0,0,0,0,0,1,ChdDSUhNMG9nS0VJQ0FnSUNJeGJHZmtRRRAB,"https://www.google.com/maps/place/Newton/@1.31232,103.83799,17z/data=!4m8!3m7!1s0x31da19eebf115faf:0x45f1832a3cda505c!8m2!3d1.31232!4d103.83799!9m1!1b1!16zL20vMDZobXR0"
NEW-039,Newton,5,1,0,0,0,0,0,0,0,0,ChdDSUhNMG9nS0VJQ0FnSURBNi1MYm5RRRAB,"https://www.google.com/maps/place/Newton/@1.31232,103.83799,17z/data=!4m8!3m7!1s0x31da19eebf115faf:0x45f1832a3cda505c!8m2!3d1.31232!4d103.83799!9m1!1b1!16zL20vMDZobXR0"
NEW-041,Newton,5,1,0,0,0,0,0,0,0,0,ChdDSUhNMG9nS0VJQ0FnSUQ4aDYtai1nRRAB,"https://www.google.com/maps/place/Newton/@1.31232,103.83799,17z/data=!4m8!3m7!1s0x31da19eebf115faf:0x45f1832a3cda505c!8m2!3d1.31232!4d103.83799!9m1!1b1!16zL20vMDZobXR0"
NEW-042,Newton,5,1,0,0,0,0,0,0,0,0,ChdDSUhNMG9nS0VJQ0FnSUMwajZDdWhnRRAB,"https://www.google.com/maps/place/Newton/@1.31232,103.83799,17z/data=!4m8!3m7!1s0x31da19eebf115faf:0x45f1832a3cda505c!8m2!3d1.31232!4d103.83799!9m1!1b1!16zL20vMDZobXR0"
NEW-043,Newton,5,1,0,0,0,0,0,0,1,0,ChdDSUhNMG9nS0VJQ0FnSUNBeGJQRHpnRRAB,"https://www.google.com/maps/place/Newton/@1.31232,103.83799,17z/data=!4m8!3m7!1s0x31da19eebf115faf:0x45f1832a3cda505c!8m2!3d1.31232!4d103.83799!9m1!1b1!16zL20vMDZobXR0"
NEW-044,Newton,5,1,0,0,0,0,0,0,0,0,ChdDSUhNMG9nS0VJQ0FnSUNhcUpLWnJRRRAB,"https://www.google.com/maps/place/Newton/@1.31232,103.83799,17z/data=!4m8!3m7!1s0x31da19eebf115faf:0x45f1832a3cda505c!8m2!3d1.31232!4d103.83799!9m1!1b1!16zL20vMDZobXR0"
NEW-045,Newton,4,0,1,0,0,0,0,0,0,0,ChdDSUhNMG9nS0VJQ0FnSUNBdHVUM3FRRRAB,"https://www.google.com/maps/place/Newton/@1.31232,103.83799,17z/data=!4m8!3m7!1s0x31da19eebf115faf:0x45f1832a3cda505c!8m2!3d1.31232!4d103.83799!9m1!1b1!16zL20vMDZobXR0"
NEW-047,Newton,3,1,0,0,0,0,0,0,0,0,ChdDSUhNMG9nS0VJQ0FnSURReXByc3RnRRAB,"https://www.google.com/maps/place/Newton/@1.31232,103.83799,17z/data=!4m8!3m7!1s0x31da19eebf115faf:0x45f1832a3cda505c!8m2!3d1.31232!4d103.83799!9m1!1b1!16zL20vMDZobXR0"
NEW-048,Newton,5,0,0,0,0,0,0,0,1,0,ChZDSUhNMG9nS0VJQ0FnSUNnN0ktOWJREAE,"https://www.google.com/maps/place/Newton/@1.31232,103.83799,17z/data=!4m8!3m7!1s0x31da19eebf115faf:0x45f1832a3cda505c!8m2!3d1.31232!4d103.83799!9m1!1b1!16zL20vMDZobXR0"
SOM-002,Somerset,5,1,1,0,0,0,1,0,0,0,ChZDSUhNMG9nS0VJQ0FnSUREdGZUZ0ZnEAE,"https://www.google.com/maps/place/Somerset/@1.300516,103.8385,17z/data=!4m8!3m7!1s0x31da1990ce497297:0x830557758f430bc3!8m2!3d1.3005159!4d103.8385!9m1!1b1!16zL20vMDZoaHlj"
SOM-003,Somerset,4,1,0,0,0,1,0,1,1,0,ChdDSUhNMG9nS0VJQ0FnSUR4c3R5ZnJRRRAB,"https://www.google.com/maps/place/Somerset/@1.300516,103.8385,17z/data=!4m8!3m7!1s0x31da1990ce497297:0x830557758f430bc3!8m2!3d1.3005159!4d103.8385!9m1!1b1!16zL20vMDZoaHlj"
SOM-004,Somerset,5,1,0,0,0,0,1,1,0,0,ChdDSUhNMG9nS0VJQ0FnSUQtemNyMC1nRRAB,"https://www.google.com/maps/place/Somerset/@1.300516,103.8385,17z/data=!4m8!3m7!1s0x31da1990ce497297:0x830557758f430bc3!8m2!3d1.3005159!4d103.8385!9m1!1b1!16zL20vMDZoaHlj"
SOM-005,Somerset,4,1,0,0,0,0,0,0,0,0,ChdDSUhNMG9nS0VJQ0FnSUNCeWJHWi1nRRAB,"https://www.google.com/maps/place/Somerset/@1.300516,103.8385,17z/data=!4m8!3m7!1s0x31da1990ce497297:0x830557758f430bc3!8m2!3d1.3005159!4d103.8385!9m1!1b1!16zL20vMDZoaHlj"
SOM-006,Somerset,5,1,0,0,0,0,0,0,1,0,ChdDSUhNMG9nS0VJQ0FnSUR3cU0tYnJnRRAB,"https://www.google.com/maps/place/Somerset/@1.300516,103.8385,17z/data=!4m8!3m7!1s0x31da1990ce497297:0x830557758f430bc3!8m2!3d1.3005159!4d103.8385!9m1!1b1!16zL20vMDZoaHlj"
SOM-007,Somerset,1,0,0,0,0,1,0,0,0,0,ChdDSUhNMG9nS0VJQ0FnSURlNEp6WDhBRRAB,"https://www.google.com/maps/place/Somerset/@1.300516,103.8385,17z/data=!4m8!3m7!1s0x31da1990ce497297:0x830557758f430bc3!8m2!3d1.3005159!4d103.8385!9m1!1b1!16zL20vMDZoaHlj"
SOM-008,Somerset,4,1,0,0,0,0,0,0,0,0,ChZDSUhNMG9nS0VJQ0FnSUN3M09Qck9nEAE,"https://www.google.com/maps/place/Somerset/@1.300516,103.8385,17z/data=!4m8!3m7!1s0x31da1990ce497297:0x830557758f430bc3!8m2!3d1.3005159!4d103.8385!9m1!1b1!16zL20vMDZoaHlj"
SOM-009,Somerset,5,1,0,0,0,0,0,0,0,0,Ci9DQUlRQUNvZENodHljRjlvT2s1cVZXNDRhbXc0YlZOWVRrVnBSbGRQYW5WeFQxRRAB,"https://www.google.com/maps/place/Somerset/@1.300516,103.8385,17z/data=!4m8!3m7!1s0x31da1990ce497297:0x830557758f430bc3!8m2!3d1.3005159!4d103.8385!9m1!1b1!16zL20vMDZoaHlj"
SOM-012,Somerset,4,0,0,0,1,1,0,0,0,0,ChdDSUhNMG9nS0VJQ0FnTUR3dEpDQTZnRRAB,"https://www.google.com/maps/place/Somerset/@1.300516,103.8385,17z/data=!4m8!3m7!1s0x31da1990ce497297:0x830557758f430bc3!8m2!3d1.3005159!4d103.8385!9m1!1b1!16zL20vMDZoaHlj"
SOM-013,Somerset,1,0,1,1,1,1,0,0,0,0,ChdDSUhNMG9nS0VJQ0FnTUNnNVBtaTdnRRAB,"https://www.google.com/maps/place/Somerset/@1.300516,103.8385,17z/data=!4m8!3m7!1s0x31da1990ce497297:0x830557758f430bc3!8m2!3d1.3005159!4d103.8385!9m1!1b1!16zL20vMDZoaHlj"
SOM-014,Somerset,4,0,1,0,0,0,0,0,0,0,Ci9DQUlRQUNvZENodHljRjlvT21KblIxUXplbEZMZGpsV2JETXljbTEzYjNJNGVGRRAB,"https://www.google.com/maps/place/Somerset/@1.300516,103.8385,17z/data=!4m8!3m7!1s0x31da1990ce497297:0x830557758f430bc3!8m2!3d1.3005159!4d103.8385!9m1!1b1!16zL20vMDZoaHlj"
SOM-015,Somerset,4,1,0,0,0,1,0,1,1,0,ChZDSUhNMG9nS0VJQ0FnSUNnMzRyZEVBEAE,"https://www.google.com/maps/place/Somerset/@1.300516,103.8385,17z/data=!4m8!3m7!1s0x31da1990ce497297:0x830557758f430bc3!8m2!3d1.3005159!4d103.8385!9m1!1b1!16zL20vMDZoaHlj"
SOM-016,Somerset,5,0,0,1,0,0,0,0,0,0,Ci9DQUlRQUNvZENodHljRjlvT21ndGNVbE5Va1ZJVm5WU1JWQlBSR0YyWWxoNU0wRRAB,"https://www.google.com/maps/place/Somerset/@1.300516,103.8385,17z/data=!4m8!3m7!1s0x31da1990ce497297:0x830557758f430bc3!8m2!3d1.3005159!4d103.8385!9m1!1b1!16zL20vMDZoaHlj"
SOM-017,Somerset,5,0,0,0,0,1,0,1,0,0,ChdDSUhNMG9nS0VKS1FqTm05aHZYVnRnRRAB,"https://www.google.com/maps/place/Somerset/@1.300516,103.8385,17z/data=!4m8!3m7!1s0x31da1990ce497297:0x830557758f430bc3!8m2!3d1.3005159!4d103.8385!9m1!1b1!16zL20vMDZoaHlj"
SOM-018,Somerset,5,1,0,0,0,0,0,0,0,0,Ci9DQUlRQUNvZENodHljRjlvT25neVRYSmlXWEJMVlhreFRIRjJUWFpsUWxOT1lsRRAB,"https://www.google.com/maps/place/Somerset/@1.300516,103.8385,17z/data=!4m8!3m7!1s0x31da1990ce497297:0x830557758f430bc3!8m2!3d1.3005159!4d103.8385!9m1!1b1!16zL20vMDZoaHlj"
SOM-019,Somerset,4,0,1,0,1,0,0,0,0,0,Ci9DQUlRQUNvZENodHljRjlvT2t0dGRGVk5ZVkYwTkMxWU9YaHhSM2RrYVVWMmNGRRAB,"https://www.google.com/maps/place/Somerset/@1.300516,103.8385,17z/data=!4m8!3m7!1s0x31da1990ce497297:0x830557758f430bc3!8m2!3d1.3005159!4d103.8385!9m1!1b1!16zL20vMDZoaHlj"
SOM-020,Somerset,5,1,0,1,0,0,0,1,0,0,Ci9DQUlRQUNvZENodHljRjlvT214bU1WQkJhRFowVDB0TVltZEllVjlCZUVoTVVIYxAB,"https://www.google.com/maps/place/Somerset/@1.300516,103.8385,17z/data=!4m8!3m7!1s0x31da1990ce497297:0x830557758f430bc3!8m2!3d1.3005159!4d103.8385!9m1!1b1!16zL20vMDZoaHlj"
SOM-022,Somerset,5,0,1,0,0,0,1,0,1,1,ChdDSUhNMG9nS0VJQ0FnSUMxdk5xWTVnRRAB,"https://www.google.com/maps/place/Somerset/@1.300516,103.8385,17z/data=!4m8!3m7!1s0x31da1990ce497297:0x830557758f430bc3!8m2!3d1.3005159!4d103.8385!9m1!1b1!16zL20vMDZoaHlj"
SOM-023,Somerset,5,1,0,0,0,0,0,0,0,0,Ci9DQUlRQUNvZENodHljRjlvT21SRk5ESnVNVk5IUVhWQ1NsZGZVQzFqUVhSNVYyYxAB,"https://www.google.com/maps/place/Somerset/@1.300516,103.8385,17z/data=!4m8!3m7!1s0x31da1990ce497297:0x830557758f430bc3!8m2!3d1.3005159!4d103.8385!9m1!1b1!16zL20vMDZoaHlj"
SOM-024,Somerset,4,1,0,0,0,0,0,0,1,0,ChZDSUhNMG9nS0VJQ0FnSURsamZXT1JnEAE,"https://www.google.com/maps/place/Somerset/@1.300516,103.8385,17z/data=!4m8!3m7!1s0x31da1990ce497297:0x830557758f430bc3!8m2!3d1.3005159!4d103.8385!9m1!1b1!16zL20vMDZoaHlj"
SOM-025,Somerset,4,1,0,0,0,0,0,0,0,0,Ci9DQUlRQUNvZENodHljRjlvT21OZlRFbE5hbWhPTFdaUGFsY3pVRFZFYlhCcmExRRAB,"https://www.google.com/maps/place/Somerset/@1.300516,103.8385,17z/data=!4m8!3m7!1s0x31da1990ce497297:0x830557758f430bc3!8m2!3d1.3005159!4d103.8385!9m1!1b1!16zL20vMDZoaHlj"
SOM-028,Somerset,5,1,0,1,0,1,1,0,0,0,ChZDSUhNMG9nS0VJQ0FnSUN3eTZiLWZnEAE,"https://www.google.com/maps/place/Somerset/@1.300516,103.8385,17z/data=!4m8!3m7!1s0x31da1990ce497297:0x830557758f430bc3!8m2!3d1.3005159!4d103.8385!9m1!1b1!16zL20vMDZoaHlj"
SOM-029,Somerset,5,1,0,1,0,0,0,0,0,0,ChZDSUhNMG9nS0VJQ0FnSURqaVBIekhREAE,"https://www.google.com/maps/place/Somerset/@1.300516,103.8385,17z/data=!4m8!3m7!1s0x31da1990ce497297:0x830557758f430bc3!8m2!3d1.3005159!4d103.8385!9m1!1b1!16zL20vMDZoaHlj"
SOM-030,Somerset,5,0,0,0,0,0,0,0,0,0,ChZDSUhNMG9nS0VJQ0FnSURGMzhudFNREAE,"https://www.google.com/maps/place/Somerset/@1.300516,103.8385,17z/data=!4m8!3m7!1s0x31da1990ce497297:0x830557758f430bc3!8m2!3d1.3005159!4d103.8385!9m1!1b1!16zL20vMDZoaHlj"
SOM-031,Somerset,5,0,0,1,0,0,0,0,0,0,ChdDSUhNMG9nS0VLN2V0ckdpcUphVnFnRRAB,"https://www.google.com/maps/place/Somerset/@1.300516,103.8385,17z/data=!4m8!3m7!1s0x31da1990ce497297:0x830557758f430bc3!8m2!3d1.3005159!4d103.8385!9m1!1b1!16zL20vMDZoaHlj"
SOM-032,Somerset,5,1,0,0,0,0,0,0,0,0,ChZDSUhNMG9nS0VJQ0FnSURnbXZDcEdnEAE,"https://www.google.com/maps/place/Somerset/@1.300516,103.8385,17z/data=!4m8!3m7!1s0x31da1990ce497297:0x830557758f430bc3!8m2!3d1.3005159!4d103.8385!9m1!1b1!16zL20vMDZoaHlj"
SOM-033,Somerset,3,1,1,0,0,0,0,0,0,0,ChdDSUhNMG9nS0VJQ0FnSUN3cDctWnZ3RRAB,"https://www.google.com/maps/place/Somerset/@1.300516,103.8385,17z/data=!4m8!3m7!1s0x31da1990ce497297:0x830557758f430bc3!8m2!3d1.3005159!4d103.8385!9m1!1b1!16zL20vMDZoaHlj"
SOM-034,Somerset,5,1,1,0,1,1,0,0,0,1,ChdDSUhNMG9nS0VJQ0FnSURTeGRhcnBRRRAB,"https://www.google.com/maps/place/Somerset/@1.300516,103.8385,17z/data=!4m8!3m7!1s0x31da1990ce497297:0x830557758f430bc3!8m2!3d1.3005159!4d103.8385!9m1!1b1!16zL20vMDZoaHlj"
SOM-036,Somerset,5,1,0,0,0,0,0,0,0,0,Ci9DQUlRQUNvZENodHljRjlvT201VE9YTk9jSEZtWkhsQ1VGcDJNWHBRVXpCNk9VRRAB,"https://www.google.com/maps/place/Somerset/@1.300516,103.8385,17z/data=!4m8!3m7!1s0x31da1990ce497297:0x830557758f430bc3!8m2!3d1.3005159!4d103.8385!9m1!1b1!16zL20vMDZoaHlj"
SOM-037,Somerset,4,1,0,0,0,1,0,0,1,0,ChdDSUhNMG9nS0VJQ0FnSUN3emRuSWxBRRAB,"https://www.google.com/maps/place/Somerset/@1.300516,103.8385,17z/data=!4m8!3m7!1s0x31da1990ce497297:0x830557758f430bc3!8m2!3d1.3005159!4d103.8385!9m1!1b1!16zL20vMDZoaHlj"
SOM-039,Somerset,1,0,0,0,0,0,0,0,0,0,ChdDSUhNMG9nS0VJQ0FnSUREeXVlVXhRRRAB,"https://www.google.com/maps/place/Somerset/@1.300516,103.8385,17z/data=!4m8!3m7!1s0x31da1990ce497297:0x830557758f430bc3!8m2!3d1.3005159!4d103.8385!9m1!1b1!16zL20vMDZoaHlj"
SOM-040,Somerset,2,0,0,0,1,1,0,0,0,0,ChZDSUhNMG9nS0VJQ0FnSUR2c05mTVJ3EAE,"https://www.google.com/maps/place/Somerset/@1.300516,103.8385,17z/data=!4m8!3m7!1s0x31da1990ce497297:0x830557758f430bc3!8m2!3d1.3005159!4d103.8385!9m1!1b1!16zL20vMDZoaHlj"
SOM-041,Somerset,4,1,0,0,0,0,0,0,0,0,ChZDSUhNMG9nS0VJQ0FnSURnNnVPUWF3EAE,"https://www.google.com/maps/place/Somerset/@1.300516,103.8385,17z/data=!4m8!3m7!1s0x31da1990ce497297:0x830557758f430bc3!8m2!3d1.3005159!4d103.8385!9m1!1b1!16zL20vMDZoaHlj"
SOM-042,Somerset,5,1,0,0,0,0,1,0,1,1,ChdDSUhNMG9nS0VJQ0FnSURxdDVEQnlBRRAB,"https://www.google.com/maps/place/Somerset/@1.300516,103.8385,17z/data=!4m8!3m7!1s0x31da1990ce497297:0x830557758f430bc3!8m2!3d1.3005159!4d103.8385!9m1!1b1!16zL20vMDZoaHlj"
SOM-043,Somerset,5,1,1,0,0,0,0,1,0,0,ChZDSUhNMG9nS0VJQ0FnSURPdS1hTllREAE,"https://www.google.com/maps/place/Somerset/@1.300516,103.8385,17z/data=!4m8!3m7!1s0x31da1990ce497297:0x830557758f430bc3!8m2!3d1.3005159!4d103.8385!9m1!1b1!16zL20vMDZoaHlj"
SOM-045,Somerset,5,0,0,0,0,0,0,0,1,0,Ci9DQUlRQUNvZENodHljRjlvT2xSdFZqUnBjMHBwVUhWVFMwbFZUV1I0VDNSTlRHYxAB,"https://www.google.com/maps/place/Somerset/@1.300516,103.8385,17z/data=!4m8!3m7!1s0x31da1990ce497297:0x830557758f430bc3!8m2!3d1.3005159!4d103.8385!9m1!1b1!16zL20vMDZoaHlj"
SOM-046,Somerset,5,0,1,0,0,1,0,0,0,0,Ci9DQUlRQUNvZENodHljRjlvT21wZk9XbFFZVlJHVUVJd1lWaFJlbFpIVDE4MWIzYxAB,"https://www.google.com/maps/place/Somerset/@1.300516,103.8385,17z/data=!4m8!3m7!1s0x31da1990ce497297:0x830557758f430bc3!8m2!3d1.3005159!4d103.8385!9m1!1b1!16zL20vMDZoaHlj"
SOM-048,Somerset,4,0,0,0,1,1,0,0,0,0,ChZDSUhNMG9nS0VLaU51OXFodl9tUGRREAE,"https://www.google.com/maps/place/Somerset/@1.300516,103.8385,17z/data=!4m8!3m7!1s0x31da1990ce497297:0x830557758f430bc3!8m2!3d1.3005159!4d103.8385!9m1!1b1!16zL20vMDZoaHlj"
SOM-049,Somerset,5,1,0,0,0,0,0,0,1,0,Ci9DQUlRQUNvZENodHljRjlvT25kc2QyVjVTMWxhUzNSZk5FdElTMXBOVnpCNFNWRRAB,"https://www.google.com/maps/place/Somerset/@1.300516,103.8385,17z/data=!4m8!3m7!1s0x31da1990ce497297:0x830557758f430bc3!8m2!3d1.3005159!4d103.8385!9m1!1b1!16zL20vMDZoaHlj"
SOM-050,Somerset,5,1,0,0,0,0,0,0,0,0,ChdDSUhNMG9nS0VJQ0FnSUN1Z3NlaXB3RRAB,"https://www.google.com/maps/place/Somerset/@1.300516,103.8385,17z/data=!4m8!3m7!1s0x31da1990ce497297:0x830557758f430bc3!8m2!3d1.3005159!4d103.8385!9m1!1b1!16zL20vMDZoaHlj"
SOM-051,Somerset,4,1,0,0,0,0,0,0,1,0,ChZDSUhNMG9nS0VJQ0FnTURBM3VISFNREAE,"https://www.google.com/maps/place/Somerset/@1.300516,103.8385,17z/data=!4m8!3m7!1s0x31da1990ce497297:0x830557758f430bc3!8m2!3d1.3005159!4d103.8385!9m1!1b1!16zL20vMDZoaHlj"
SOM-052,Somerset,3,0,1,0,1,0,0,0,0,0,ChdDSUhNMG9nS0VJQ0FnTUR3d0xiVGlRRRAB,"https://www.google.com/maps/place/Somerset/@1.300516,103.8385,17z/data=!4m8!3m7!1s0x31da1990ce497297:0x830557758f430bc3!8m2!3d1.3005159!4d103.8385!9m1!1b1!16zL20vMDZoaHlj"
SOM-053,Somerset,5,1,0,0,0,0,0,0,0,0,ChZDSUhNMG9nS0VJQ0FnTUNBaTRQSkxBEAE,"https://www.google.com/maps/place/Somerset/@1.300516,103.8385,17z/data=!4m8!3m7!1s0x31da1990ce497297:0x830557758f430bc3!8m2!3d1.3005159!4d103.8385!9m1!1b1!16zL20vMDZoaHlj"
SOM-056,Somerset,4,0,0,0,0,0,1,0,0,0,ChdDSUhNMG9nS0VJQ0FnSUNId0tQMTRBRRAB,"https://www.google.com/maps/place/Somerset/@1.300516,103.8385,17z/data=!4m8!3m7!1s0x31da1990ce497297:0x830557758f430bc3!8m2!3d1.3005159!4d103.8385!9m1!1b1!16zL20vMDZoaHlj"
SOM-057,Somerset,5,1,0,0,0,0,1,0,0,0,ChdDSUhNMG9nS0VJQ0FnSUM5LWRuQjRRRRAB,"https://www.google.com/maps/place/Somerset/@1.300516,103.8385,17z/data=!4m8!3m7!1s0x31da1990ce497297:0x830557758f430bc3!8m2!3d1.3005159!4d103.8385!9m1!1b1!16zL20vMDZoaHlj"
SOM-058,Somerset,5,0,0,0,0,0,0,0,1,0,ChdDSUhNMG9nS0VJQ0FnSUR0LS1fSW5RRRAB,"https://www.google.com/maps/place/Somerset/@1.300516,103.8385,17z/data=!4m8!3m7!1s0x31da1990ce497297:0x830557758f430bc3!8m2!3d1.3005159!4d103.8385!9m1!1b1!16zL20vMDZoaHlj"
TOA-001,Toa Payoh,5,1,0,0,0,0,0,0,1,0,Ci9DQUlRQUNvZENodHljRjlvT2tsU1RFMWFiR2xXTUZZMlRWRTFOMEpKVVVOa05GRRAB,"https://www.google.com/maps/place/Toa+Payoh/@1.3323297,103.8474252,17z/data=!4m8!3m7!1s0x31da1766e222c0e3:0xd6e44dc730f5cee4!8m2!3d1.3323297!4d103.8474252!9m1!1b1!16zL20vMDZwZ3Nx"
TOA-002,Toa Payoh,4,0,0,0,0,1,0,0,1,0,Ci9DQUlRQUNvZENodHljRjlvT21oZlowNTBkMnBrZGpkUmVVWkZVVWRmYUdoTVpYYxAB,"https://www.google.com/maps/place/Toa+Payoh/@1.3323297,103.8474252,17z/data=!4m8!3m7!1s0x31da1766e222c0e3:0xd6e44dc730f5cee4!8m2!3d1.3323297!4d103.8474252!9m1!1b1!16zL20vMDZwZ3Nx"
TOA-003,Toa Payoh,5,1,0,0,0,1,1,1,1,1,ChdDSUhNMG9nS0VJQ0FnTUNZck5XTjJnRRAB,"https://www.google.com/maps/place/Toa+Payoh/@1.3323297,103.8474252,17z/data=!4m8!3m7!1s0x31da1766e222c0e3:0xd6e44dc730f5cee4!8m2!3d1.3323297!4d103.8474252!9m1!1b1!16zL20vMDZwZ3Nx"
TOA-004,Toa Payoh,5,1,0,0,0,0,0,0,1,1,Ci9DQUlRQUNvZENodHljRjlvT2s0M1NIcGxUMHA0V0U1eVUySmphQzFTZFMxa1dYYxAB,"https://www.google.com/maps/place/Toa+Payoh/@1.3323297,103.8474252,17z/data=!4m8!3m7!1s0x31da1766e222c0e3:0xd6e44dc730f5cee4!8m2!3d1.3323297!4d103.8474252!9m1!1b1!16zL20vMDZwZ3Nx"
TOA-005,Toa Payoh,5,1,0,0,0,0,0,0,0,0,ChdDSUhNMG9nS0VJQ0FnSUMzek1QUjdBRRAB,"https://www.google.com/maps/place/Toa+Payoh/@1.3323297,103.8474252,17z/data=!4m8!3m7!1s0x31da1766e222c0e3:0xd6e44dc730f5cee4!8m2!3d1.3323297!4d103.8474252!9m1!1b1!16zL20vMDZwZ3Nx"
TOA-006,Toa Payoh,5,1,1,0,0,1,0,0,0,0,ChdDSUhNMG9nS0VJQ0FnSUNxMmFXTDVRRRAB,"https://www.google.com/maps/place/Toa+Payoh/@1.3323297,103.8474252,17z/data=!4m8!3m7!1s0x31da1766e222c0e3:0xd6e44dc730f5cee4!8m2!3d1.3323297!4d103.8474252!9m1!1b1!16zL20vMDZwZ3Nx"
TOA-007,Toa Payoh,4,1,0,0,0,0,1,0,1,0,ChdDSUhNMG9nS0VJQ0FnSUNPNWFPUjZRRRAB,"https://www.google.com/maps/place/Toa+Payoh/@1.3323297,103.8474252,17z/data=!4m8!3m7!1s0x31da1766e222c0e3:0xd6e44dc730f5cee4!8m2!3d1.3323297!4d103.8474252!9m1!1b1!16zL20vMDZwZ3Nx"
TOA-008,Toa Payoh,4,0,0,0,0,0,0,0,1,0,Ci9DQUlRQUNvZENodHljRjlvT201d2VYQlJYekJLY2tZMmNrcG5iVkZOWm5SNGExRRAB,"https://www.google.com/maps/place/Toa+Payoh/@1.3323297,103.8474252,17z/data=!4m8!3m7!1s0x31da1766e222c0e3:0xd6e44dc730f5cee4!8m2!3d1.3323297!4d103.8474252!9m1!1b1!16zL20vMDZwZ3Nx"
TOA-009,Toa Payoh,4,1,0,0,1,0,0,0,0,0,ChdDSUhNMG9nS0VJQ0FnSURmNUlieTVRRRAB,"https://www.google.com/maps/place/Toa+Payoh/@1.3323297,103.8474252,17z/data=!4m8!3m7!1s0x31da1766e222c0e3:0xd6e44dc730f5cee4!8m2!3d1.3323297!4d103.8474252!9m1!1b1!16zL20vMDZwZ3Nx"
TOA-010,Toa Payoh,3,0,0,0,0,0,0,0,1,0,ChZDSUhNMG9nS0VJQ0FnSUNIMmZyZE9BEAE,"https://www.google.com/maps/place/Toa+Payoh/@1.3323297,103.8474252,17z/data=!4m8!3m7!1s0x31da1766e222c0e3:0xd6e44dc730f5cee4!8m2!3d1.3323297!4d103.8474252!9m1!1b1!16zL20vMDZwZ3Nx"
TOA-011,Toa Payoh,5,1,0,0,0,0,1,0,1,0,ChdDSUhNMG9nS0VJQ0FnSURnaDlxUl9BRRAB,"https://www.google.com/maps/place/Toa+Payoh/@1.3323297,103.8474252,17z/data=!4m8!3m7!1s0x31da1766e222c0e3:0xd6e44dc730f5cee4!8m2!3d1.3323297!4d103.8474252!9m1!1b1!16zL20vMDZwZ3Nx"
TOA-012,Toa Payoh,1,0,1,0,0,1,0,1,0,0,Ci9DQUlRQUNvZENodHljRjlvT25wa1owZzFhVEpEZGsxMFRHWmhkbXhTVUVsRGFFRRAB,"https://www.google.com/maps/place/Toa+Payoh/@1.3323297,103.8474252,17z/data=!4m8!3m7!1s0x31da1766e222c0e3:0xd6e44dc730f5cee4!8m2!3d1.3323297!4d103.8474252!9m1!1b1!16zL20vMDZwZ3Nx"
TOA-013,Toa Payoh,4,1,0,0,0,0,0,0,1,0,ChdDSUhNMG9nS0VJQ0FnSURBenNxMmhBRRAB,"https://www.google.com/maps/place/Toa+Payoh/@1.3323297,103.8474252,17z/data=!4m8!3m7!1s0x31da1766e222c0e3:0xd6e44dc730f5cee4!8m2!3d1.3323297!4d103.8474252!9m1!1b1!16zL20vMDZwZ3Nx"
TOA-014,Toa Payoh,1,0,0,0,0,0,0,0,0,0,Ci9DQUlRQUNvZENodHljRjlvT2pKS1dXWm5VMmMyWnpoNWNVODBUemxGTm1kQ1ZuYxAB,"https://www.google.com/maps/place/Toa+Payoh/@1.3323297,103.8474252,17z/data=!4m8!3m7!1s0x31da1766e222c0e3:0xd6e44dc730f5cee4!8m2!3d1.3323297!4d103.8474252!9m1!1b1!16zL20vMDZwZ3Nx"
TOA-015,Toa Payoh,4,1,1,0,0,0,0,0,0,0,ChdDSUhNMG9nS0VJQ0FnSURmLVphbzR3RRAB,"https://www.google.com/maps/place/Toa+Payoh/@1.3323297,103.8474252,17z/data=!4m8!3m7!1s0x31da1766e222c0e3:0xd6e44dc730f5cee4!8m2!3d1.3323297!4d103.8474252!9m1!1b1!16zL20vMDZwZ3Nx"
TOA-016,Toa Payoh,5,1,0,0,0,0,1,0,1,0,Ci9DQUlRQUNvZENodHljRjlvT2toRVkzRXdTbkpXVlhRM1prUnFZMVprY0ZCNVZIYxAB,"https://www.google.com/maps/place/Toa+Payoh/@1.3323297,103.8474252,17z/data=!4m8!3m7!1s0x31da1766e222c0e3:0xd6e44dc730f5cee4!8m2!3d1.3323297!4d103.8474252!9m1!1b1!16zL20vMDZwZ3Nx"
TOA-017,Toa Payoh,4,1,0,1,0,1,0,1,1,0,Ci9DQUlRQUNvZENodHljRjlvT21WM2R6SmlZbUZEVWtGQ1NHMXFWRzUyV2psc01tYxAB,"https://www.google.com/maps/place/Toa+Payoh/@1.3323297,103.8474252,17z/data=!4m8!3m7!1s0x31da1766e222c0e3:0xd6e44dc730f5cee4!8m2!3d1.3323297!4d103.8474252!9m1!1b1!16zL20vMDZwZ3Nx"
TOA-019,Toa Payoh,5,1,0,0,0,0,0,0,0,0,Ci9DQUlRQUNvZENodHljRjlvT2w4M09VMDRhMkpPYmt0bGQwRlphMDlYZURoT2VHYxAB,"https://www.google.com/maps/place/Toa+Payoh/@1.3323297,103.8474252,17z/data=!4m8!3m7!1s0x31da1766e222c0e3:0xd6e44dc730f5cee4!8m2!3d1.3323297!4d103.8474252!9m1!1b1!16zL20vMDZwZ3Nx"
TOA-020,Toa Payoh,1,0,0,0,0,0,0,0,1,0,ChdDSUhNMG9nS0VJQ0FnSURmanVUTmhRRRAB,"https://www.google.com/maps/place/Toa+Payoh/@1.3323297,103.8474252,17z/data=!4m8!3m7!1s0x31da1766e222c0e3:0xd6e44dc730f5cee4!8m2!3d1.3323297!4d103.8474252!9m1!1b1!16zL20vMDZwZ3Nx"
TOA-021,Toa Payoh,5,0,0,1,0,0,0,1,1,0,ChZDSUhNMG9nS0VJQ0FnSUM3NnVtWklREAE,"https://www.google.com/maps/place/Toa+Payoh/@1.3323297,103.8474252,17z/data=!4m8!3m7!1s0x31da1766e222c0e3:0xd6e44dc730f5cee4!8m2!3d1.3323297!4d103.8474252!9m1!1b1!16zL20vMDZwZ3Nx"
TOA-022,Toa Payoh,5,1,0,0,0,0,0,0,1,0,Ci9DQUlRQUNvZENodHljRjlvT25wVU1YaDNSbEJLZVZaT1lVVjZjRmhQU0ZvdFZWRRAB,"https://www.google.com/maps/place/Toa+Payoh/@1.3323297,103.8474252,17z/data=!4m8!3m7!1s0x31da1766e222c0e3:0xd6e44dc730f5cee4!8m2!3d1.3323297!4d103.8474252!9m1!1b1!16zL20vMDZwZ3Nx"
TOA-023,Toa Payoh,4,1,0,0,0,0,0,0,1,0,ChZDSUhNMG9nS0VJQ0FnSUNSMUlPbVJREAE,"https://www.google.com/maps/place/Toa+Payoh/@1.3323297,103.8474252,17z/data=!4m8!3m7!1s0x31da1766e222c0e3:0xd6e44dc730f5cee4!8m2!3d1.3323297!4d103.8474252!9m1!1b1!16zL20vMDZwZ3Nx"
TOA-024,Toa Payoh,2,0,1,0,0,0,0,0,1,0,Ci9DQUlRQUNvZENodHljRjlvT2tzMlFVaHdUa3RRVjNGaVZtNUVURUZFVXpSTU9WRRAB,"https://www.google.com/maps/place/Toa+Payoh/@1.3323297,103.8474252,17z/data=!4m8!3m7!1s0x31da1766e222c0e3:0xd6e44dc730f5cee4!8m2!3d1.3323297!4d103.8474252!9m1!1b1!16zL20vMDZwZ3Nx"
TOA-025,Toa Payoh,5,1,0,0,0,0,0,0,1,0,ChZDSUhNMG9nS0VJQ0FnSUQyMHFLRkNBEAE,"https://www.google.com/maps/place/Toa+Payoh/@1.3323297,103.8474252,17z/data=!4m8!3m7!1s0x31da1766e222c0e3:0xd6e44dc730f5cee4!8m2!3d1.3323297!4d103.8474252!9m1!1b1!16zL20vMDZwZ3Nx"
TOA-026,Toa Payoh,5,1,0,0,0,0,0,0,1,0,ChZDSUhNMG9nS0VQanQ4WmFOdDhMQlRBEAE,"https://www.google.com/maps/place/Toa+Payoh/@1.3323297,103.8474252,17z/data=!4m8!3m7!1s0x31da1766e222c0e3:0xd6e44dc730f5cee4!8m2!3d1.3323297!4d103.8474252!9m1!1b1!16zL20vMDZwZ3Nx"
TOA-028,Toa Payoh,5,1,0,0,0,0,0,0,1,0,ChdDSUhNMG9nS0VJQ0FnSURRODd1dTBnRRAB,"https://www.google.com/maps/place/Toa+Payoh/@1.3323297,103.8474252,17z/data=!4m8!3m7!1s0x31da1766e222c0e3:0xd6e44dc730f5cee4!8m2!3d1.3323297!4d103.8474252!9m1!1b1!16zL20vMDZwZ3Nx"
TOA-029,Toa Payoh,4,0,1,1,0,0,0,0,0,0,Ci9DQUlRQUNvZENodHljRjlvT25sWGQwa3pWVnBQWmxWWmFuSllRVmxNTlRKclJWRRAB,"https://www.google.com/maps/place/Toa+Payoh/@1.3323297,103.8474252,17z/data=!4m8!3m7!1s0x31da1766e222c0e3:0xd6e44dc730f5cee4!8m2!3d1.3323297!4d103.8474252!9m1!1b1!16zL20vMDZwZ3Nx"
TOA-031,Toa Payoh,5,1,0,0,0,0,0,1,1,0,Ci9DQUlRQUNvZENodHljRjlvT25KbWFXWXljR1k1TjJwdmRYZE1WRkZSUzNaUGRIYxAB,"https://www.google.com/maps/place/Toa+Payoh/@1.3323297,103.8474252,17z/data=!4m8!3m7!1s0x31da1766e222c0e3:0xd6e44dc730f5cee4!8m2!3d1.3323297!4d103.8474252!9m1!1b1!16zL20vMDZwZ3Nx"
TOA-033,Toa Payoh,5,1,0,0,0,0,0,0,1,0,Ci9DQUlRQUNvZENodHljRjlvT2pOa2JFbEhXVVozT1UxdGRFdzVWazl5YzJWUWNWRRAB,"https://www.google.com/maps/place/Toa+Payoh/@1.3323297,103.8474252,17z/data=!4m8!3m7!1s0x31da1766e222c0e3:0xd6e44dc730f5cee4!8m2!3d1.3323297!4d103.8474252!9m1!1b1!16zL20vMDZwZ3Nx"
TOA-034,Toa Payoh,5,1,0,0,0,0,0,0,1,0,ChdDSUhNMG9nS0VJQ0FnSUNoeG95bDN3RRAB,"https://www.google.com/maps/place/Toa+Payoh/@1.3323297,103.8474252,17z/data=!4m8!3m7!1s0x31da1766e222c0e3:0xd6e44dc730f5cee4!8m2!3d1.3323297!4d103.8474252!9m1!1b1!16zL20vMDZwZ3Nx"
TOA-035,Toa Payoh,4,1,0,0,0,0,0,0,1,0,ChRDSUhNMG9nS0VJQ0FnSUNmOVpZZBAB,"https://www.google.com/maps/place/Toa+Payoh/@1.3323297,103.8474252,17z/data=!4m8!3m7!1s0x31da1766e222c0e3:0xd6e44dc730f5cee4!8m2!3d1.3323297!4d103.8474252!9m1!1b1!16zL20vMDZwZ3Nx"
TOA-036,Toa Payoh,4,0,0,0,1,0,0,1,0,0,ChdDSUhNMG9nS0VJQ0FnSURCMV9HMmtBRRAB,"https://www.google.com/maps/place/Toa+Payoh/@1.3323297,103.8474252,17z/data=!4m8!3m7!1s0x31da1766e222c0e3:0xd6e44dc730f5cee4!8m2!3d1.3323297!4d103.8474252!9m1!1b1!16zL20vMDZwZ3Nx"
TOA-037,Toa Payoh,5,0,0,0,0,0,0,0,1,0,ChZDSUhNMG9nS0VJQ0FnSUNUMXNtX0RnEAE,"https://www.google.com/maps/place/Toa+Payoh/@1.3323297,103.8474252,17z/data=!4m8!3m7!1s0x31da1766e222c0e3:0xd6e44dc730f5cee4!8m2!3d1.3323297!4d103.8474252!9m1!1b1!16zL20vMDZwZ3Nx"
TOA-038,Toa Payoh,5,1,0,0,0,0,0,0,1,0,Ci9DQUlRQUNvZENodHljRjlvT2pKNmJUSnFZV2xtWjNvd01sWnVSalZrVkVKZlEzYxAB,"https://www.google.com/maps/place/Toa+Payoh/@1.3323297,103.8474252,17z/data=!4m8!3m7!1s0x31da1766e222c0e3:0xd6e44dc730f5cee4!8m2!3d1.3323297!4d103.8474252!9m1!1b1!16zL20vMDZwZ3Nx"
TOA-039,Toa Payoh,5,1,0,0,0,0,0,0,1,0,Ci9DQUlRQUNvZENodHljRjlvT2pab1lqSjRja0ZtYXpRelJrZGhOVVF0UzNGcmEzYxAB,"https://www.google.com/maps/place/Toa+Payoh/@1.3323297,103.8474252,17z/data=!4m8!3m7!1s0x31da1766e222c0e3:0xd6e44dc730f5cee4!8m2!3d1.3323297!4d103.8474252!9m1!1b1!16zL20vMDZwZ3Nx"
TOA-040,Toa Payoh,2,0,0,0,0,0,0,0,1,0,ChdDSUhNMG9nS0VJQ0FnSUMxdXZqSjBRRRAB,"https://www.google.com/maps/place/Toa+Payoh/@1.3323297,103.8474252,17z/data=!4m8!3m7!1s0x31da1766e222c0e3:0xd6e44dc730f5cee4!8m2!3d1.3323297!4d103.8474252!9m1!1b1!16zL20vMDZwZ3Nx"
TOA-041,Toa Payoh,5,1,0,0,0,0,0,0,1,0,ChZDSUhNMG9nS0VJQ0FnSURPMmM3SEhREAE,"https://www.google.com/maps/place/Toa+Payoh/@1.3323297,103.8474252,17z/data=!4m8!3m7!1s0x31da1766e222c0e3:0xd6e44dc730f5cee4!8m2!3d1.3323297!4d103.8474252!9m1!1b1!16zL20vMDZwZ3Nx"
TOA-042,Toa Payoh,3,0,0,0,0,0,0,1,0,0,ChdDSUhNMG9nS0VKN0Y0cmFGMVBQU2lBRRAB,"https://www.google.com/maps/place/Toa+Payoh/@1.3323297,103.8474252,17z/data=!4m8!3m7!1s0x31da1766e222c0e3:0xd6e44dc730f5cee4!8m2!3d1.3323297!4d103.8474252!9m1!1b1!16zL20vMDZwZ3Nx"
TOA-043,Toa Payoh,3,0,0,0,0,0,1,1,0,0,Ci9DQUlRQUNvZENodHljRjlvT21wUlpHWjVNQzFQT1VSVmRIVnNRbEJRYkY5dmFHYxAB,"https://www.google.com/maps/place/Toa+Payoh/@1.3323297,103.8474252,17z/data=!4m8!3m7!1s0x31da1766e222c0e3:0xd6e44dc730f5cee4!8m2!3d1.3323297!4d103.8474252!9m1!1b1!16zL20vMDZwZ3Nx"
TOA-045,Toa Payoh,5,0,0,0,0,0,0,0,0,0,ChZDSUhNMG9nS0VJQ0FnSUNKdkp2M0hREAE,"https://www.google.com/maps/place/Toa+Payoh/@1.3323297,103.8474252,17z/data=!4m8!3m7!1s0x31da1766e222c0e3:0xd6e44dc730f5cee4!8m2!3d1.3323297!4d103.8474252!9m1!1b1!16zL20vMDZwZ3Nx"
TOA-046,Toa Payoh,4,0,0,0,0,1,0,0,1,0,ChdDSUhNMG9nS0VJQ0FnSUNycll1U3h3RRAB,"https://www.google.com/maps/place/Toa+Payoh/@1.3323297,103.8474252,17z/data=!4m8!3m7!1s0x31da1766e222c0e3:0xd6e44dc730f5cee4!8m2!3d1.3323297!4d103.8474252!9m1!1b1!16zL20vMDZwZ3Nx"
TOA-047,Toa Payoh,5,1,0,0,0,0,0,0,1,0,ChdDSUhNMG9nS0VJQ0FnTURnajlhZTF3RRAB,"https://www.google.com/maps/place/Toa+Payoh/@1.3323297,103.8474252,17z/data=!4m8!3m7!1s0x31da1766e222c0e3:0xd6e44dc730f5cee4!8m2!3d1.3323297!4d103.8474252!9m1!1b1!16zL20vMDZwZ3Nx"
TOA-048,Toa Payoh,4,1,0,0,1,0,0,0,1,0,ChZDSUhNMG9nS0VJQ0FnSURPdV9pZEtBEAE,"https://www.google.com/maps/place/Toa+Payoh/@1.3323297,103.8474252,17z/data=!4m8!3m7!1s0x31da1766e222c0e3:0xd6e44dc730f5cee4!8m2!3d1.3323297!4d103.8474252!9m1!1b1!16zL20vMDZwZ3Nx"
TOA-049,Toa Payoh,5,0,0,0,0,1,0,1,0,0,ChZDSUhNMG9nS0VJQ0FnSURCc2F2OFBnEAE,"https://www.google.com/maps/place/Toa+Payoh/@1.3323297,103.8474252,17z/data=!4m8!3m7!1s0x31da1766e222c0e3:0xd6e44dc730f5cee4!8m2!3d1.3323297!4d103.8474252!9m1!1b1!16zL20vMDZwZ3Nx"
TOA-051,Toa Payoh,4,1,0,0,0,0,0,0,0,1,ChdDSUhNMG9nS0VJQ0FnSUNudTVHS3BBRRAB,"https://www.google.com/maps/place/Toa+Payoh/@1.3323297,103.8474252,17z/data=!4m8!3m7!1s0x31da1766e222c0e3:0xd6e44dc730f5cee4!8m2!3d1.3323297!4d103.8474252!9m1!1b1!16zL20vMDZwZ3Nx"
TOA-052,Toa Payoh,5,1,0,0,1,0,0,0,1,0,ChZDSUhNMG9nS0VJQ0FnSURqOGFIY0Z3EAE,"https://www.google.com/maps/place/Toa+Payoh/@1.3323297,103.8474252,17z/data=!4m8!3m7!1s0x31da1766e222c0e3:0xd6e44dc730f5cee4!8m2!3d1.3323297!4d103.8474252!9m1!1b1!16zL20vMDZwZ3Nx"
TOA-053,Toa Payoh,5,0,0,0,0,0,0,0,1,1,Ci9DQUlRQUNvZENodHljRjlvT21sMWFVa3lTVWg1YVhFNFNYcHhkMUI1YzJsUlZWRRAB,"https://www.google.com/maps/place/Toa+Payoh/@1.3323297,103.8474252,17z/data=!4m8!3m7!1s0x31da1766e222c0e3:0xd6e44dc730f5cee4!8m2!3d1.3323297!4d103.8474252!9m1!1b1!16zL20vMDZwZ3Nx"
TOA-056,Toa Payoh,3,1,0,0,0,0,0,0,1,1,ChdDSUhNMG9nS0VJQ0FnSUN3emE3T3JRRRAB,"https://www.google.com/maps/place/Toa+Payoh/@1.3323297,103.8474252,17z/data=!4m8!3m7!1s0x31da1766e222c0e3:0xd6e44dc730f5cee4!8m2!3d1.3323297!4d103.8474252!9m1!1b1!16zL20vMDZwZ3Nx"
TOA-057,Toa Payoh,5,1,0,0,0,0,0,0,1,0,Ci9DQUlRQUNvZENodHljRjlvT25aS1gwSkRSa2RrWW05bmVYTndhSFpvTTNkVmNsRRAB,"https://www.google.com/maps/place/Toa+Payoh/@1.3323297,103.8474252,17z/data=!4m8!3m7!1s0x31da1766e222c0e3:0xd6e44dc730f5cee4!8m2!3d1.3323297!4d103.8474252!9m1!1b1!16zL20vMDZwZ3Nx"
TOA-058,Toa Payoh,4,0,0,0,0,0,0,0,1,0,ChZDSUhNMG9nS0VJQ0FnSUQtMzZhX1VBEAE,"https://www.google.com/maps/place/Toa+Payoh/@1.3323297,103.8474252,17z/data=!4m8!3m7!1s0x31da1766e222c0e3:0xd6e44dc730f5cee4!8m2!3d1.3323297!4d103.8474252!9m1!1b1!16zL20vMDZwZ3Nx"
TOA-059,Toa Payoh,5,1,0,0,0,1,0,0,0,1,ChdDSUhNMG9nS0VJQ0FnSUR1eUlMZ2hnRRAB,"https://www.google.com/maps/place/Toa+Payoh/@1.3323297,103.8474252,17z/data=!4m8!3m7!1s0x31da1766e222c0e3:0xd6e44dc730f5cee4!8m2!3d1.3323297!4d103.8474252!9m1!1b1!16zL20vMDZwZ3Nx"
TOA-061,Toa Payoh,5,1,0,0,0,0,0,0,0,1,ChZDSUhNMG9nS0VJQ0FnSUN4OFk3X2J3EAE,"https://www.google.com/maps/place/Toa+Payoh/@1.3323297,103.8474252,17z/data=!4m8!3m7!1s0x31da1766e222c0e3:0xd6e44dc730f5cee4!8m2!3d1.3323297!4d103.8474252!9m1!1b1!16zL20vMDZwZ3Nx"
TOA-062,Toa Payoh,4,0,0,1,0,1,0,1,0,0,ChZDSUhNMG9nS0VJQ0FnSUN1N0otVlhnEAE,"https://www.google.com/maps/place/Toa+Payoh/@1.3323297,103.8474252,17z/data=!4m8!3m7!1s0x31da1766e222c0e3:0xd6e44dc730f5cee4!8m2!3d1.3323297!4d103.8474252!9m1!1b1!16zL20vMDZwZ3Nx"
TOA-063,Toa Payoh,3,1,0,0,0,0,0,0,1,0,ChdDSUhNMG9nS0VJQ0FnSUNSZzVXOGh3RRAB,"https://www.google.com/maps/place/Toa+Payoh/@1.3323297,103.8474252,17z/data=!4m8!3m7!1s0x31da1766e222c0e3:0xd6e44dc730f5cee4!8m2!3d1.3323297!4d103.8474252!9m1!1b1!16zL20vMDZwZ3Nx"
TOA-064,Toa Payoh,5,0,0,0,0,0,0,1,0,0,Ci9DQUlRQUNvZENodHljRjlvT21oT2MxWlRkVGROUWtKWWJuSlhNMnRoY2tWTVQwRRAB,"https://www.google.com/maps/place/Toa+Payoh/@1.3323297,103.8474252,17z/data=!4m8!3m7!1s0x31da1766e222c0e3:0xd6e44dc730f5cee4!8m2!3d1.3323297!4d103.8474252!9m1!1b1!16zL20vMDZwZ3Nx"
TOA-065,Toa Payoh,5,1,0,0,0,0,0,0,1,0,ChdDSUhNMG9nS0VJQ0FnSUNCeXE2V3JnRRAB,"https://www.google.com/maps/place/Toa+Payoh/@1.3323297,103.8474252,17z/data=!4m8!3m7!1s0x31da1766e222c0e3:0xd6e44dc730f5cee4!8m2!3d1.3323297!4d103.8474252!9m1!1b1!16zL20vMDZwZ3Nx"
TOA-066,Toa Payoh,5,1,0,0,0,0,0,1,1,0,ChZDSUhNMG9nS0VJQ0FnSUQtdWRlbVF3EAE,"https://www.google.com/maps/place/Toa+Payoh/@1.3323297,103.8474252,17z/data=!4m8!3m7!1s0x31da1766e222c0e3:0xd6e44dc730f5cee4!8m2!3d1.3323297!4d103.8474252!9m1!1b1!16zL20vMDZwZ3Nx"
TOA-067,Toa Payoh,5,1,0,0,0,0,1,0,1,1,ChdDSUhNMG9nS0VJQ0FnSURlbnFUa3dRRRAB,"https://www.google.com/maps/place/Toa+Payoh/@1.3323297,103.8474252,17z/data=!4m8!3m7!1s0x31da1766e222c0e3:0xd6e44dc730f5cee4!8m2!3d1.3323297!4d103.8474252!9m1!1b1!16zL20vMDZwZ3Nx"
TOA-068,Toa Payoh,3,1,0,0,0,0,0,0,0,1,ChdDSUhNMG9nS0VJQ0FnSURlOGFfQWxnRRAB,"https://www.google.com/maps/place/Toa+Payoh/@1.3323297,103.8474252,17z/data=!4m8!3m7!1s0x31da1766e222c0e3:0xd6e44dc730f5cee4!8m2!3d1.3323297!4d103.8474252!9m1!1b1!16zL20vMDZwZ3Nx"
